"London","London","51.5072","-0.1275","United Kingdom","GB","GBR","London, City of","primary","11120000","1826645935"
"Birmingham","Birmingham","52.4800","-1.9025","United Kingdom","GB","GBR","Birmingham","","1137100","1826423213"
"Leeds","Leeds","53.7997","-1.5492","United Kingdom","GB","GBR","Leeds","","789194","1826343963"
"Glasgow","Glasgow","55.8611","-4.2500","United Kingdom","GB","GBR","Glasgow City","","626410","1826836462"
"Bristol","Bristol","51.4500","-2.5833","United Kingdom","GB","GBR","Bristol, City of","","567111","1826921049"
"Manchester","Manchester","53.4794","-2.2453","United Kingdom","GB","GBR","Manchester","","547627","1826246335"
"Sheffield","Sheffield","53.3808","-1.4703","United Kingdom","GB","GBR","Sheffield","","518090","1826289852"
"Liverpool","Liverpool","53.4075","-2.9919","United Kingdom","GB","GBR","Liverpool","","513441","1826558678"
"Edinburgh","Edinburgh","55.9530","-3.1890","United Kingdom","GB","GBR","Edinburgh, City of","","488050","1826492520"
"Leicester","Leicester","52.6344","-1.1319","United Kingdom","GB","GBR","Leicester","","464395","1826431946"
"Coventry","Coventry","52.4081","-1.5106","United Kingdom","GB","GBR","Coventry","","362690","1826979198"
"Caerdydd","Caerdydd","51.4817","-3.1792","United Kingdom","GB","GBR","Cardiff","","361469","1826362422"
"Belfast","Belfast","54.5964","-5.9300","United Kingdom","GB","GBR","Belfast","","333871","1826325087"
"Newcastle","Newcastle","55.0077","-1.6578","United Kingdom","GB","GBR","Newcastle upon Tyne","","300196","1826292220"
"Bradford","Bradford","53.8000","-1.7500","United Kingdom","GB","GBR","Bradford","","293277","1826687116"
"Nottingham","Nottingham","52.9533","-1.1500","United Kingdom","GB","GBR","Nottingham","","289301","1826122597"
"Ipswich","Ipswich","52.0594","1.1556","United Kingdom","GB","GBR","Suffolk","","290000","1826629486"
"Bolton","Bolton","53.5780","-2.4290","United Kingdom","GB","GBR","Bolton","","285372","1826628353"
"Sunderland","Sunderland","54.9060","-1.3810","United Kingdom","GB","GBR","Sunderland","","277417","1826736387"
"Southampton","Southampton","50.9025","-1.4042","United Kingdom","GB","GBR","Southampton","","271173","1826602892"
"Plymouth","Plymouth","50.3714","-4.1422","United Kingdom","GB","GBR","Plymouth","","267918","1826947183"
"Westminster","Westminster","51.4947","-0.1353","United Kingdom","GB","GBR","Westminster","","255324","1826759011"
"Kingston upon Hull","Kingston upon Hull","53.7444","-0.3325","United Kingdom","GB","GBR","Kingston upon Hull, City of","","260200","1826028894"
"Derby","Derby","52.9217","-1.4769","United Kingdom","GB","GBR","Derby","","255394","1826333435"
"Wolverhampton","Wolverhampton","52.5833","-2.1333","United Kingdom","GB","GBR","Wolverhampton","","250970","1826636841"
"Stoke-on-Trent","Stoke-on-Trent","53.0000","-2.1833","United Kingdom","GB","GBR","Stoke-on-Trent","","249008","1826799578"
"Portsmouth","Portsmouth","50.8058","-1.0872","United Kingdom","GB","GBR","Portsmouth","","248440","1826964096"
"Barnsley","Barnsley","53.5547","-1.4791","United Kingdom","GB","GBR","Barnsley","","245199","1826597621"
"Abertawe","Abertawe","51.6167","-3.9500","United Kingdom","GB","GBR","Swansea","","245508","1826574888"
"Swindon","Swindon","51.5600","-1.7800","United Kingdom","GB","GBR","Swindon","","222193","1826498106"
"Luton","Luton","51.8783","-0.4147","United Kingdom","GB","GBR","Luton","","213052","1826630574"
"Northampton","Northampton","52.2304","-0.8938","United Kingdom","GB","GBR","Northamptonshire","","212100","1826806747"
"Solihull","Solihull","52.4130","-1.7780","United Kingdom","GB","GBR","Solihull","","206674","1826720500"
"Milton Keynes","Milton Keynes","52.0400","-0.7600","United Kingdom","GB","GBR","Milton Keynes","","207057","1826291745"
"Aberdeen","Aberdeen","57.1500","-2.1100","United Kingdom","GB","GBR","Aberdeen City","","200680","1826324306"
"Norwich","Norwich","52.6300","1.2970","United Kingdom","GB","GBR","Norfolk","","195971","1826688051"
"Peterborough","Peterborough","52.5725","-0.2431","United Kingdom","GB","GBR","Peterborough","","194000","1826626144"
"Basildon","Basildon","51.5761","0.4886","United Kingdom","GB","GBR","Essex","","185900","1826481004"
"Bournemouth","Bournemouth","50.7200","-1.8800","United Kingdom","GB","GBR","Bournemouth","","187503","1826769743"
"York","York","53.9583","-1.0803","United Kingdom","GB","GBR","York","","181131","1826149980"
"Warrington","Warrington","53.3917","-2.5972","United Kingdom","GB","GBR","Warrington","","165456","1826261547"
"Huddersfield","Huddersfield","53.6450","-1.7798","United Kingdom","GB","GBR","Kirklees","","162949","1826672445"
"Reading","Reading","51.4542","-0.9731","United Kingdom","GB","GBR","Reading","","162666","1826869043"
"Southend","Southend","51.5500","0.7100","United Kingdom","GB","GBR","Southend-on-Sea","","160257","1826524208"
"Oxford","Oxford","51.7519","-1.2578","United Kingdom","GB","GBR","Oxfordshire","","152000","1826689568"
"Gloucester","Gloucester","51.8644","-2.2444","United Kingdom","GB","GBR","Gloucestershire","","145563","1826932068"
"West Bromwich","West Bromwich","52.5190","-1.9950","United Kingdom","GB","GBR","Sandwell","","146386","1826231773"
"Dundee","Dundee","56.4620","-2.9707","United Kingdom","GB","GBR","Dundee City","","148280","1826581481"
"Poole","Poole","50.7167","-1.9833","United Kingdom","GB","GBR","Poole","","144800","1826379738"
"Newport","Newport","51.5833","-3.0000","United Kingdom","GB","GBR","Newport","","145700","1826018889"
"Birkenhead","Birkenhead","53.3930","-3.0140","United Kingdom","GB","GBR","Wirral","","142968","1826080662"
"Blackpool","Blackpool","53.8142","-3.0503","United Kingdom","GB","GBR","Blackpool","","139305","1826093175"
"Telford","Telford","52.6766","-2.4469","United Kingdom","GB","GBR","Telford and Wrekin","","142723","1826968934"
"Preston","Preston","53.7590","-2.6990","United Kingdom","GB","GBR","Lancashire","","141801","1826018478"
"Middlesbrough","Middlesbrough","54.5767","-1.2355","United Kingdom","GB","GBR","Redcar and Cleveland","","140545","1826407067"
"Sale","Sale","53.4240","-2.3220","United Kingdom","GB","GBR","Trafford","","134022","1826016049"
"Brighton","Brighton","50.8284","-0.1395","United Kingdom","GB","GBR","Brighton and Hove","","134293","1826609057"
"High Wycombe","High Wycombe","51.6287","-0.7482","United Kingdom","GB","GBR","Buckinghamshire","","120256","1826609342"
"Cambridge","Cambridge","52.2053","0.1192","United Kingdom","GB","GBR","Cambridgeshire","","123867","1826229713"
"Exeter","Exeter","50.7167","-3.5333","United Kingdom","GB","GBR","Devon","","124180","1826840903"
"Colchester","Colchester","51.8917","0.9030","United Kingdom","GB","GBR","Essex","","121859","1826545433"
"Gateshead","Gateshead","54.9500","-1.6000","United Kingdom","GB","GBR","Gateshead","","120046","1826635849"
"Blackburn","Blackburn","53.7480","-2.4820","United Kingdom","GB","GBR","Blackburn with Darwen","","117963","1826802533"
"Slough","Slough","51.5100","-0.5900","United Kingdom","GB","GBR","Slough","","119070","1826807636"
"Chelmsford","Chelmsford","51.7361","0.4798","United Kingdom","GB","GBR","Essex","","115369","1826876670"
"Cheltenham","Cheltenham","51.9000","-2.0667","United Kingdom","GB","GBR","Gloucestershire","","116447","1826524974"
"Rochdale","Rochdale","53.6136","-2.1610","United Kingdom","GB","GBR","Rochdale","","110194","1826578106"
"Rotherham","Rotherham","53.4300","-1.3570","United Kingdom","GB","GBR","Rotherham","","109691","1826763937"
"Doncaster","Doncaster","53.5228","-1.1325","United Kingdom","GB","GBR","Doncaster","","109805","1826979494"
"Maidstone","Maidstone","51.2720","0.5290","United Kingdom","GB","GBR","Kent","","107627","1826000009"
"Basingstoke","Basingstoke","51.2667","-1.0876","United Kingdom","GB","GBR","Hampshire","","107355","1826924980"
"Worthing","Worthing","50.8147","-0.3714","United Kingdom","GB","GBR","West Sussex","","109120","1826936965"
"Crawley","Crawley","51.1092","-0.1872","United Kingdom","GB","GBR","West Sussex","","106597","1826470693"
"Salford","Salford","53.4830","-2.2931","United Kingdom","GB","GBR","Salford","","103886","1826868550"
"Saint Helens","Saint Helens","53.4541","-2.7461","United Kingdom","GB","GBR","St. Helens","","102629","1826775771"
"Worcester","Worcester","52.1920","-2.2200","United Kingdom","GB","GBR","Worcestershire","","101891","1826393854"
"Gillingham","Gillingham","51.3850","0.5500","United Kingdom","GB","GBR","Medway","","104157","1826642243"
"Eastbourne","Eastbourne","50.7700","0.2800","United Kingdom","GB","GBR","East Sussex","","101547","1826356320"
"Wigan","Wigan","53.5448","-2.6318","United Kingdom","GB","GBR","Wigan","","103608","1826902223"
"Hove","Hove","50.8352","-0.1758","United Kingdom","GB","GBR","Brighton and Hove","","91900","1826419818"
"Lincoln","Lincoln","53.2283","-0.5389","United Kingdom","GB","GBR","Lincolnshire","","97541","1826312785"
"Rayleigh","Rayleigh","51.5864","0.6049","United Kingdom","GB","GBR","Essex","","95580","1826491250"
"Hemel Hempstead","Hemel Hempstead","51.7526","-0.4692","United Kingdom","GB","GBR","Hertfordshire","","94932","1826374836"
"Bath","Bath","51.3800","-2.3600","United Kingdom","GB","GBR","Bath and North East Somerset","","94782","1826611282"
"Darlington","Darlington","54.5270","-1.5526","United Kingdom","GB","GBR","Darlington","","92363","1826453946"
"Wimbledon","Wimbledon","51.4220","-0.2080","United Kingdom","GB","GBR","Merton","","92765","1826386301"
"Watford","Watford","51.6550","-0.3957","United Kingdom","GB","GBR","Hertfordshire","","90301","1826570072"
"Hastings","Hastings","50.8500","0.5700","United Kingdom","GB","GBR","East Sussex","","91053","1826499763"
"Nuneaton","Nuneaton","52.5230","-1.4680","United Kingdom","GB","GBR","Warwickshire","","86552","1826240370"
"Stevenage","Stevenage","51.9017","-0.2019","United Kingdom","GB","GBR","Hertfordshire","","89663","1826117667"
"Hartlepool","Hartlepool","54.6900","-1.2100","United Kingdom","GB","GBR","Hartlepool","","88855","1826069842"
"Chester","Chester","53.1900","-2.8900","United Kingdom","GB","GBR","Cheshire West and Chester","","87507","1826441668"
"Aylesbury","Aylesbury","51.8168","-0.8124","United Kingdom","GB","GBR","Buckinghamshire","","83407","1826391298"
"Burnley","Burnley","53.7890","-2.2480","United Kingdom","GB","GBR","Lancashire","","82002","1826565522"
"Saint Albans","Saint Albans","51.7550","-0.3360","United Kingdom","GB","GBR","Hertfordshire","","82146","1826053841"
"Chatham","Chatham","51.3700","0.5200","United Kingdom","GB","GBR","Medway","","76792","1826765672"
"Batley","Batley","53.7167","-1.6356","United Kingdom","GB","GBR","Kirklees","","80485","1826037459"
"Scunthorpe","Scunthorpe","53.5809","-0.6502","United Kingdom","GB","GBR","North Lincolnshire","","79977","1826817883"
"Dudley","Dudley","52.5080","-2.0890","United Kingdom","GB","GBR","Dudley","","79379","1826052828"
"Weston-super-Mare","Weston-super-Mare","51.3460","-2.9770","United Kingdom","GB","GBR","North Somerset","","76143","1826189795"
"South Shields","South Shields","54.9950","-1.4300","United Kingdom","GB","GBR","South Tyneside","","75337","1826396004"
"Bury","Bury","53.5930","-2.2980","United Kingdom","GB","GBR","Bury","","78729","1826242195"
"Paisley","Paisley","55.8466","-4.4236","United Kingdom","GB","GBR","Renfrewshire","","76220","1826549531"
"Mansfield","Mansfield","53.1444","-1.1964","United Kingdom","GB","GBR","Nottinghamshire","","77551","1826359576"
"Bracknell","Bracknell","51.4160","-0.7490","United Kingdom","GB","GBR","Bracknell Forest","","77256","1826880896"
"Carlisle","Carlisle","54.8910","-2.9440","United Kingdom","GB","GBR","Cumbria","","75399","1826843688"
"East Kilbride","East Kilbride","55.7645","-4.1771","United Kingdom","GB","GBR","South Lanarkshire","","75120","1826488452"
"Burton upon Trent","Burton upon Trent","52.8019","-1.6367","United Kingdom","GB","GBR","Staffordshire","","75074","1826585602"
"Crewe","Crewe","53.0990","-2.4400","United Kingdom","GB","GBR","Cheshire East","","73241","1826086541"
"Newcastle under Lyme","Newcastle under Lyme","53.0109","-2.2278","United Kingdom","GB","GBR","Staffordshire","","75082","1826124765"
"Harrogate","Harrogate","53.9919","-1.5378","United Kingdom","GB","GBR","North Yorkshire","","73576","1826765513"
"Rugby","Rugby","52.3700","-1.2600","United Kingdom","GB","GBR","Warwickshire","","70627","1826969205"
"Tamworth","Tamworth","52.6330","-1.6950","United Kingdom","GB","GBR","Staffordshire","","73924","1826336439"
"Lowestoft","Lowestoft","52.4800","1.7500","United Kingdom","GB","GBR","Suffolk","","70945","1826419858"
"Gosport","Gosport","50.7948","-1.1243","United Kingdom","GB","GBR","Hampshire","","71529","1826330438"
"Grays","Grays","51.4750","0.3300","United Kingdom","GB","GBR","Thurrock","","66843","1826003493"
"Walton upon Thames","Walton upon Thames","51.3868","-0.4133","United Kingdom","GB","GBR","Surrey","","66566","1826528871"
"Gravesend","Gravesend","51.4415","0.3685","United Kingdom","GB","GBR","Kent","","66000","1826609378"
"Walsall","Walsall","52.5800","-1.9800","United Kingdom","GB","GBR","Walsall","","67594","1826655696"
"Tynemouth","Tynemouth","55.0170","-1.4230","United Kingdom","GB","GBR","North Tyneside","","68202","1826445971"
"Paignton","Paignton","50.4353","-3.5625","United Kingdom","GB","GBR","Devon","","64410","1826935894"
"Rochester","Rochester","51.3750","0.5000","United Kingdom","GB","GBR","Medway","","62982","1826559634"
"Washington","Washington","54.9000","-1.5200","United Kingdom","GB","GBR","Sunderland","","67158","1826149081"
"Ashford","Ashford","51.1465","0.8676","United Kingdom","GB","GBR","Kent","","67528","1826045748"
"Merthyr Tudful","Merthyr Tudful","51.7430","-3.3780","United Kingdom","GB","GBR","Merthyr Tydfil","","63546","1826737367"
"Scarborough","Scarborough","54.2773","-0.4017","United Kingdom","GB","GBR","North Yorkshire","","61749","1826723231"
"Farnborough","Farnborough","51.2900","-0.7500","United Kingdom","GB","GBR","Hampshire","","65034","1826383788"
"Stourbridge","Stourbridge","52.4575","-2.1479","United Kingdom","GB","GBR","Dudley","","63298","1826879996"
"Hereford","Hereford","52.0565","-2.7160","United Kingdom","GB","GBR","Herefordshire","","63024","1826996583"
"Dewsbury","Dewsbury","53.6910","-1.6330","United Kingdom","GB","GBR","Kirklees","","62945","1826354283"
"Loughborough","Loughborough","52.7705","-1.2046","United Kingdom","GB","GBR","Leicestershire","","59932","1826194258"
"Wrecsam","Wrecsam","53.0460","-2.9930","United Kingdom","GB","GBR","Wrexham","","61603","1826879983"
"Kettering","Kettering","52.3931","-0.7229","United Kingdom","GB","GBR","Northamptonshire","","56226","1826968679"
"Ellesmere Port","Ellesmere Port","53.2790","-2.8970","United Kingdom","GB","GBR","Cheshire West and Chester","","61090","1826938401"
"Bangor","Bangor","54.6600","-5.6700","United Kingdom","GB","GBR","Ards and North Down","","61011","1826282262"
"Runcorn","Runcorn","53.3410","-2.7290","United Kingdom","GB","GBR","Halton","","61789","1826349439"
"Taunton","Taunton","51.0190","-3.1000","United Kingdom","GB","GBR","Somerset","","60479","1826959489"
"Littlehampton","Littlehampton","50.8094","-0.5409","United Kingdom","GB","GBR","West Sussex","","58357","1826096073"
"Wallasey","Wallasey","53.4158","-3.0233","United Kingdom","GB","GBR","Wirral","","60284","1826741418"
"Bebington","Bebington","53.3500","-3.0030","United Kingdom","GB","GBR","Wirral","","57336","1826464817"
"Macclesfield","Macclesfield","53.2581","-2.1274","United Kingdom","GB","GBR","Cheshire East","","56581","1826522277"
"Royal Tunbridge Wells","Royal Tunbridge Wells","51.1320","0.2630","United Kingdom","GB","GBR","Kent","","57772","1826011948"
"Folkestone","Folkestone","51.0810","1.1660","United Kingdom","GB","GBR","Kent","","51337","1826257230"
"Royal Leamington Spa","Royal Leamington Spa","52.2920","-1.5370","United Kingdom","GB","GBR","Warwickshire","","55733","1826633006"
"Crosby","Crosby","53.4872","-3.0343","United Kingdom","GB","GBR","Sefton","","51789","1826899809"
"Stratford","Stratford","51.5423","-0.0026","United Kingdom","GB","GBR","Newham","","51387","1826465421"
"Kidderminster","Kidderminster","52.3885","-2.2490","United Kingdom","GB","GBR","Worcestershire","","55530","1826052030"
"Altrincham","Altrincham","53.3838","-2.3547","United Kingdom","GB","GBR","Trafford","","52419","1826280426"
"Weymouth","Weymouth","50.6130","-2.4570","United Kingdom","GB","GBR","Dorset","","54539","1826316742"
"Barri","Barri","51.4050","-3.2700","United Kingdom","GB","GBR","Vale of Glamorgan, The","","51502","1826605492"
"Dunfermline","Dunfermline","56.0719","-3.4393","United Kingdom","GB","GBR","Fife","","53100","1826424354"
"Bootle","Bootle","53.4457","-2.9891","United Kingdom","GB","GBR","Sefton","","51394","1826320670"
"Hamilton","Hamilton","55.7770","-4.0390","United Kingdom","GB","GBR","South Lanarkshire","","53188","1826692620"
"Lancaster","Lancaster","54.0470","-2.8010","United Kingdom","GB","GBR","Lancashire","","52234","1826197341"
"Cumbernauld","Cumbernauld","55.9450","-3.9940","United Kingdom","GB","GBR","North Lanarkshire","","50920","1826862515"
"Brentwood","Brentwood","51.6204","0.3050","United Kingdom","GB","GBR","Essex","","52586","1826743524"
"Willenhall","Willenhall","52.5798","-2.0605","United Kingdom","GB","GBR","Walsall","","51429","1826751733"
"Pen-y-Bont ar Ogwr","Pen-y-Bont ar Ogwr","51.5072","-3.5784","United Kingdom","GB","GBR","Bridgend","","49404","1826587515"
"Stretford","Stretford","53.4466","-2.3086","United Kingdom","GB","GBR","Trafford","","46910","1826645692"
"Neath","Neath","51.6600","-3.8100","United Kingdom","GB","GBR","Neath Port Talbot","","45898","1826679432"
"Kirkcaldy","Kirkcaldy","56.1107","-3.1674","United Kingdom","GB","GBR","Fife","","48108","1826174957"
"Ashton","Ashton","53.4897","-2.0952","United Kingdom","GB","GBR","Tameside","","45198","1826027715"
"Inverness","Inverness","57.4778","-4.2247","United Kingdom","GB","GBR","Highland","","47290","1826161019"
"Salisbury","Salisbury","51.0700","-1.7900","United Kingdom","GB","GBR","Wiltshire","","45477","1826304328"
"Ayr","Ayr","55.4580","-4.6290","United Kingdom","GB","GBR","South Ayrshire","","46780","1826430700"
"Wokingham","Wokingham","51.4100","-0.8400","United Kingdom","GB","GBR","Wokingham","","46745","1826878333"
"Banbury","Banbury","52.0610","-1.3360","United Kingdom","GB","GBR","Oxfordshire","","46853","1826594194"
"Hinckley","Hinckley","52.5413","-1.3725","United Kingdom","GB","GBR","Leicestershire","","45249","1826014873"
"Coatbridge","Coatbridge","55.8625","-4.0266","United Kingdom","GB","GBR","North Lanarkshire","","43960","1826462023"
"Chorley","Chorley","53.6530","-2.6320","United Kingdom","GB","GBR","Lancashire","","38420","1826477913"
"Kingswood","Kingswood","51.4600","-2.5050","United Kingdom","GB","GBR","South Gloucestershire","","40734","1826616515"
"Kingston upon Thames","Kingston upon Thames","51.4103","-0.2995","United Kingdom","GB","GBR","Kingston upon Thames","","43013","1826345299"
"Newbury","Newbury","51.4010","-1.3230","United Kingdom","GB","GBR","West Berkshire","","41075","1826103829"
"Llanelli","Llanelli","51.6840","-4.1630","United Kingdom","GB","GBR","Carmarthenshire","","37050","1826934854"
"Ramsgate","Ramsgate","51.3360","1.4160","United Kingdom","GB","GBR","Kent","","40408","1826278899"
"Bishops Stortford","Bishops Stortford","51.8720","0.1725","United Kingdom","GB","GBR","Hertfordshire","","38202","1826440705"
"Aberdare","Aberdare","51.7130","-3.4450","United Kingdom","GB","GBR","Rhondda Cynon Taff","","39550","1826427395"
"Herne Bay","Herne Bay","51.3700","1.1300","United Kingdom","GB","GBR","Kent","","38385","1826454069"
"Bletchley","Bletchley","51.9940","-0.7320","United Kingdom","GB","GBR","Milton Keynes","","37520","1826878705"
"Airdrie","Airdrie","55.8600","-3.9800","United Kingdom","GB","GBR","North Lanarkshire","","37410","1826889162"
"Bridlington","Bridlington","54.0819","-0.1923","United Kingdom","GB","GBR","East Riding of Yorkshire","","35264","1826640623"
"Falkirk","Falkirk","56.0011","-3.7835","United Kingdom","GB","GBR","Falkirk","","35850","1826502864"
"Dover","Dover","51.1295","1.3089","United Kingdom","GB","GBR","Kent","","31022","1826963129"
"Hitchin","Hitchin","51.9470","-0.2830","United Kingdom","GB","GBR","Hertfordshire","","34266","1826093917"
"Grantham","Grantham","52.9180","-0.6380","United Kingdom","GB","GBR","Lincolnshire","","34592","1826040909"
"Ewell","Ewell","51.3500","-0.2490","United Kingdom","GB","GBR","Surrey","","34872","1826318947"
"Abingdon","Abingdon","51.6670","-1.2830","United Kingdom","GB","GBR","Oxfordshire","","33130","1826918722"
"Trowbridge","Trowbridge","51.3200","-2.2100","United Kingdom","GB","GBR","Wiltshire","","33108","1826965204"
"Rutherglen","Rutherglen","55.8280","-4.2140","United Kingdom","GB","GBR","Glasgow City","","31190","1826453586"
"Wigston Magna","Wigston Magna","52.5812","-1.0930","United Kingdom","GB","GBR","Leicestershire","","32321","1826846225"
"Lichfield","Lichfield","52.6820","-1.8290","United Kingdom","GB","GBR","Staffordshire","","33816","1826803495"
"Ecclesfield","Ecclesfield","53.4429","-1.4698","United Kingdom","GB","GBR","Sheffield","","31609","1826382276"
"Brighouse","Brighouse","53.7070","-1.7940","United Kingdom","GB","GBR","Calderdale","","32360","1826688359"
"Saint Neots","Saint Neots","52.2280","-0.2700","United Kingdom","GB","GBR","Cambridgeshire","","31165","1826441495"
"Motherwell","Motherwell","55.7839","-3.9852","United Kingdom","GB","GBR","North Lanarkshire","","32590","1826854355"
"Chichester","Chichester","50.8365","-0.7792","United Kingdom","GB","GBR","West Sussex","","30925","1826696164"
"Wishaw","Wishaw","55.7742","-3.9183","United Kingdom","GB","GBR","North Lanarkshire","","30290","1826026639"
"Bromsgrove","Bromsgrove","52.3353","-2.0579","United Kingdom","GB","GBR","Worcestershire","","29237","1826356095"
"Hertford","Hertford","51.7950","-0.0780","United Kingdom","GB","GBR","Hertfordshire","","28689","1826912872"
"Harpenden","Harpenden","51.8175","-0.3524","United Kingdom","GB","GBR","Hertfordshire","","30240","1826679950"
"Cambuslang","Cambuslang","55.8190","-4.1671","United Kingdom","GB","GBR","South Lanarkshire","","29100","1826755066"
"Rhyl","Rhyl","53.3210","-3.4800","United Kingdom","GB","GBR","Denbighshire","","25149","1826387077"
"Longbridge","Longbridge","52.3950","-1.9790","United Kingdom","GB","GBR","Birmingham","","25410","1826461714"
"Bearsden","Bearsden","55.9192","-4.3332","United Kingdom","GB","GBR","East Dunbartonshire","","28120","1826065116"
"Shenley Brook End","Shenley Brook End","52.0090","-0.7890","United Kingdom","GB","GBR","Milton Keynes","","25828","1826086234"
"Billericay","Billericay","51.6280","0.4184","United Kingdom","GB","GBR","Essex","","27998","1826245369"
"Aldridge","Aldridge","52.6060","-1.9179","United Kingdom","GB","GBR","Walsall","","26988","1826685347"
"Upminster","Upminster","51.5557","0.2512","United Kingdom","GB","GBR","Havering","","25361","1826720044"
"Coulsdon","Coulsdon","51.3211","-0.1386","United Kingdom","GB","GBR","Croydon","","25695","1826373748"
"Newton Mearns","Newton Mearns","55.7716","-4.3347","United Kingdom","GB","GBR","East Renfrewshire","","26600","1826713585"
"Rainham","Rainham","51.3600","0.6100","United Kingdom","GB","GBR","Medway","","25000","1826039806"
"Bishop Auckland","Bishop Auckland","54.6566","-1.6768","United Kingdom","GB","GBR","Durham","","25455","1826422730"
"Clydebank","Clydebank","55.8997","-4.4006","United Kingdom","GB","GBR","West Dunbartonshire","","26320","1826705684"
"Market Harborough","Market Harborough","52.4775","-0.9206","United Kingdom","GB","GBR","Leicestershire","","22911","1826292544"
"Droylsden","Droylsden","53.4828","-2.1582","United Kingdom","GB","GBR","Tameside","","23689","1826178927"
"Plymstock","Plymstock","50.3569","-4.0900","United Kingdom","GB","GBR","Plymouth","","24103","1826596908"
"Stratton Saint Margaret","Stratton Saint Margaret","51.5860","-1.7620","United Kingdom","GB","GBR","Swindon","","22698","1826478043"
"Arbroath","Arbroath","56.5610","-2.5860","United Kingdom","GB","GBR","Angus","","23940","1826263581"
"Oadby","Oadby","52.5987","-1.0763","United Kingdom","GB","GBR","Leicestershire","","23849","1826422379"
"Litherland","Litherland","53.4727","-2.9990","United Kingdom","GB","GBR","Sefton","","22242","1826594706"
"Sheldon","Sheldon","52.4500","-1.7666","United Kingdom","GB","GBR","Solihull","","21817","1826299810"
"Bishopbriggs","Bishopbriggs","55.9046","-4.2250","United Kingdom","GB","GBR","East Dunbartonshire","","23540","1826547421"
"Littleover","Littleover","52.9060","-1.5050","United Kingdom","GB","GBR","Derby","","23958","1826553059"
"Huntingdon","Huntingdon","52.3364","-0.1717","United Kingdom","GB","GBR","Cambridgeshire","","23732","1826796900"
"Minster","Minster","51.4210","0.8090","United Kingdom","GB","GBR","Kent","","21319","1826548197"
"Maesteg","Maesteg","51.6100","-3.6500","United Kingdom","GB","GBR","Bridgend","","20612","1826221040"
"Bathgate","Bathgate","55.9024","-3.6431","United Kingdom","GB","GBR","West Lothian","","22920","1826881376"
"Truro","Truro","50.2600","-5.0510","United Kingdom","GB","GBR","Cornwall","","21555","1826586304"
"Yate","Yate","51.5402","-2.4110","United Kingdom","GB","GBR","South Gloucestershire","","21789","1826350658"
"Southbourne","Southbourne","50.7220","-1.7980","United Kingdom","GB","GBR","Bournemouth","","18960","1826138490"
"Leek","Leek","53.1080","-2.0234","United Kingdom","GB","GBR","Staffordshire","","20768","1826058750"
"Falmouth","Falmouth","50.1500","-5.0700","United Kingdom","GB","GBR","Cornwall","","21797","1826117124"
"Woodlesford","Woodlesford","53.7567","-1.4530","United Kingdom","GB","GBR","Leeds","","21010","1826564728"
"Renfrew","Renfrew","55.8780","-4.3890","United Kingdom","GB","GBR","Renfrewshire","","21854","1826588626"
"Leigh-on-Sea","Leigh-on-Sea","51.5425","0.6535","United Kingdom","GB","GBR","Southend-on-Sea","","20737","1826850305"
"Goodmayes","Goodmayes","51.5631","0.1133","United Kingdom","GB","GBR","Redbridge","","13069","1826397253"
"Penzance","Penzance","50.1190","-5.5370","United Kingdom","GB","GBR","Cornwall","","20812","1826600240"
"Peterhead","Peterhead","57.5091","-1.7832","United Kingdom","GB","GBR","Aberdeenshire","","19270","1826812445"
"Bellshill","Bellshill","55.8160","-4.0260","United Kingdom","GB","GBR","North Lanarkshire","","20290","1826995667"
"Davyhulme","Davyhulme","53.4559","-2.3683","United Kingdom","GB","GBR","Trafford","","19634","1826976833"
"Antrim","Antrim","54.7173","-6.2055","United Kingdom","GB","GBR","Antrim and Newtownabbey","","19986","1826477610"
"Frimley","Frimley","51.3143","-0.7387","United Kingdom","GB","GBR","Surrey","","19094","1826062895"
"Great Linford","Great Linford","52.0680","-0.7637","United Kingdom","GB","GBR","Milton Keynes","","19350","1826297411"
"Maltby","Maltby","53.4260","-1.2100","United Kingdom","GB","GBR","Rotherham","","16856","1826798518"
"Keynsham","Keynsham","51.4135","-2.4968","United Kingdom","GB","GBR","Bath and North East Somerset","","16641","1826380949"
"Broughty Ferry","Broughty Ferry","56.4672","-2.8699","United Kingdom","GB","GBR","Dundee City","","18659","1826000803"
"Tonypandy","Tonypandy","51.6223","-3.4512","United Kingdom","GB","GBR","Rhondda Cynon Taff","","17789","1826417791"
"Hadleigh","Hadleigh","51.5535","0.6095","United Kingdom","GB","GBR","Essex","","18300","1826599485"
"East Barnet","East Barnet","51.6430","-0.1630","United Kingdom","GB","GBR","Barnet","","16137","1826125584"
"Dingle","Dingle","53.3774","-2.9613","United Kingdom","GB","GBR","Liverpool","","13246","1826286712"
"Bonnyrigg","Bonnyrigg","55.8747","-3.1031","United Kingdom","GB","GBR","Midlothian","","17530","1826693791"
"Fern Down","Fern Down","50.8100","-1.9000","United Kingdom","GB","GBR","Dorset","","17650","1826033048"
"Cosham","Cosham","50.8424","-1.0660","United Kingdom","GB","GBR","Portsmouth","","13830","1826628541"
"High Blantyre","High Blantyre","55.7930","-4.0970","United Kingdom","GB","GBR","South Lanarkshire","","16900","1826928486"
"Nailsea","Nailsea","51.4300","-2.7600","United Kingdom","GB","GBR","North Somerset","","15630","1826659439"
"Basford","Basford","52.9780","-1.1690","United Kingdom","GB","GBR","Nottingham","","16207","1826063569"
"Porthcawl","Porthcawl","51.4800","-3.6900","United Kingdom","GB","GBR","Bridgend","","15640","1826674732"
"Milton","Milton","53.0500","-2.1420","United Kingdom","GB","GBR","Stoke-on-Trent","","17250","1826543368"
"Hilsea","Hilsea","50.8300","-1.0700","United Kingdom","GB","GBR","Portsmouth","","13552","1826746556"
"Kilwinning","Kilwinning","55.6550","-4.7030","United Kingdom","GB","GBR","North Ayrshire","","16460","1826458707"
"Woodhouse","Woodhouse","53.3580","-1.3730","United Kingdom","GB","GBR","Sheffield","","17450","1826566992"
"Kidbrooke","Kidbrooke","51.4650","0.0330","United Kingdom","GB","GBR","Greenwich","","14300","1826659843"
"Bingley","Bingley","53.8509","-1.8380","United Kingdom","GB","GBR","Bradford","","15925","1826460602"
"Maldon","Maldon","51.7318","0.6758","United Kingdom","GB","GBR","Essex","","14220","1826363463"
"Fazakerley","Fazakerley","53.4676","-2.9408","United Kingdom","GB","GBR","Liverpool","","16786","1826528845"
"Larkhall","Larkhall","55.7370","-3.9720","United Kingdom","GB","GBR","South Lanarkshire","","14740","1826423474"
"Hatch End","Hatch End","51.6010","-0.3743","United Kingdom","GB","GBR","Harrow","","10693","1826801668"
"Deysbrook","Deysbrook","53.4290","-2.9340","United Kingdom","GB","GBR","Liverpool","","14490","1826441033"
"Whickham","Whickham","54.9456","-1.6726","United Kingdom","GB","GBR","Gateshead","","16652","1826888408"
"South Hayling","South Hayling","50.7876","-0.9770","United Kingdom","GB","GBR","Hampshire","","15948","1826060826"
"Johnstone","Johnstone","55.8346","-4.5027","United Kingdom","GB","GBR","Renfrewshire","","16090","1826315811"
"Morriston","Morriston","51.6647","-3.9389","United Kingdom","GB","GBR","Swansea","","16928","1826268056"
"Wombwell","Wombwell","53.5160","-1.4000","United Kingdom","GB","GBR","Barnsley","","15316","1826512301"
"Prestwick","Prestwick","55.4956","-4.6142","United Kingdom","GB","GBR","South Ayrshire","","14720","1826710421"
"Hythe","Hythe","51.0716","1.0840","United Kingdom","GB","GBR","Kent","","14170","1826972409"
"Melksham","Melksham","51.3710","-2.1380","United Kingdom","GB","GBR","Wiltshire","","14677","1826642248"
"Gornalwood","Gornalwood","52.5230","-2.1240","United Kingdom","GB","GBR","Dudley","","12992","1826716353"
"Rosyth","Rosyth","56.0339","-3.4323","United Kingdom","GB","GBR","Fife","","13780","1826173931"
"Saffron Walden","Saffron Walden","52.0220","0.2430","United Kingdom","GB","GBR","Essex","","15504","1826424344"
"Kidlington","Kidlington","51.8230","-1.2910","United Kingdom","GB","GBR","Oxfordshire","","13723","1826182197"
"Whitby","Whitby","54.4858","-0.6206","United Kingdom","GB","GBR","North Yorkshire","","13594","1826806363"
"Swinton","Swinton","53.4877","-1.3149","United Kingdom","GB","GBR","Rotherham","","15559","1826312183"
"Harrow Weald","Harrow Weald","51.6040","-0.3390","United Kingdom","GB","GBR","Harrow","","11376","1826880341"
"Tredegar","Tredegar","51.7776","-3.2407","United Kingdom","GB","GBR","Blaenau Gwent","","15103","1826084160"
"Ilkley","Ilkley","53.9250","-1.8220","United Kingdom","GB","GBR","Bradford","","14809","1826221289"
"Ovenden","Ovenden","53.7432","-1.8779","United Kingdom","GB","GBR","Calderdale","","12351","1826436931"
"Childwall","Childwall","53.3950","-2.8810","United Kingdom","GB","GBR","Liverpool","","14085","1826133113"
"Shenley Church End","Shenley Church End","52.0220","-0.7880","United Kingdom","GB","GBR","Milton Keynes","","12961","1826650494"
"Egg Buckland","Egg Buckland","50.4006","-4.1136","United Kingdom","GB","GBR","Plymouth","","13351","1826735321"
"Fraserburgh","Fraserburgh","57.6930","-2.0050","United Kingdom","GB","GBR","Aberdeenshire","","13180","1826713495"
"Walsall Wood","Walsall Wood","52.6277","-1.9301","United Kingdom","GB","GBR","Walsall","","13207","1826891290"
"Bodmin","Bodmin","50.4660","-4.7180","United Kingdom","GB","GBR","Cornwall","","14736","1826850129"
"Streetly","Streetly","52.5770","-1.8840","United Kingdom","GB","GBR","Walsall","","13934","1826347383"
"Wollaston","Wollaston","52.4619","-2.1663","United Kingdom","GB","GBR","Dudley","","13092","1826737467"
"Thorpe Saint Andrew","Thorpe Saint Andrew","52.6354","1.3431","United Kingdom","GB","GBR","Norfolk","","14556","1826296791"
"Hawick","Hawick","55.4220","-2.7870","United Kingdom","GB","GBR","Scottish Borders, The","","13740","1826156666"
"Wolverton","Wolverton","52.0626","-0.8102","United Kingdom","GB","GBR","Milton Keynes","","12492","1826613545"
"Linlithgow","Linlithgow","55.9791","-3.6105","United Kingdom","GB","GBR","West Lothian","","13260","1826000089"
"Broadwater","Broadwater","50.8282","-0.3742","United Kingdom","GB","GBR","West Sussex","","9373","1826765618"
"Milford Haven","Milford Haven","51.7142","-5.0427","United Kingdom","GB","GBR","Pembrokeshire","","13725","1826680472"
"Sutton on Hull","Sutton on Hull","53.7806","-0.3047","United Kingdom","GB","GBR","Kingston upon Hull, City of","","12649","1826733547"
"Milngavie","Milngavie","55.9421","-4.3137","United Kingdom","GB","GBR","East Dunbartonshire","","12795","1826013201"
"Southwick","Southwick","50.8360","-0.2390","United Kingdom","GB","GBR","West Sussex","","13195","1826708962"
"Lye","Lye","52.4590","-2.1160","United Kingdom","GB","GBR","Dudley","","12346","1826947385"
"Thatto Heath","Thatto Heath","53.4352","-2.7481","United Kingdom","GB","GBR","St. Helens","","12280","1826530884"
"Blunsdon Saint Andrew","Blunsdon Saint Andrew","51.6100","-1.7900","United Kingdom","GB","GBR","Swindon","","12414","1826285391"
"Hoyland Nether","Hoyland Nether","53.4985","-1.4406","United Kingdom","GB","GBR","Barnsley","","11852","1826976360"
"Giffnock","Giffnock","55.8051","-4.2946","United Kingdom","GB","GBR","East Renfrewshire","","12300","1826874548"
"Blundellsands","Blundellsands","53.4800","-3.0500","United Kingdom","GB","GBR","Sefton","","11514","1826007490"
"Earlestown","Earlestown","53.4500","-2.6500","United Kingdom","GB","GBR","St. Helens","","10830","1826235843"
"Snaresbrook","Snaresbrook","51.5870","0.0146","United Kingdom","GB","GBR","Redbridge","","11868","1826731920"
"Parkstone","Parkstone","50.7100","-1.9500","United Kingdom","GB","GBR","Poole","","10779","1826119514"
"Cromer","Cromer","52.9310","1.3020","United Kingdom","GB","GBR","Norfolk","","12457","1826263534"
"Hollington","Hollington","50.8750","0.5480","United Kingdom","GB","GBR","East Sussex","","6099","1826944275"
"Woolton","Woolton","53.3740","-2.8650","United Kingdom","GB","GBR","Liverpool","","12921","1826782144"
"Sandridge","Sandridge","51.7808","-0.3038","United Kingdom","GB","GBR","Hertfordshire","","11451","1826504633"
"Abergavenny","Abergavenny","51.8240","-3.0167","United Kingdom","GB","GBR","Monmouthshire","","12515","1826362404"
"Warsop","Warsop","53.2000","-1.1500","United Kingdom","GB","GBR","Nottinghamshire","","11999","1826909482"
"Gourock","Gourock","55.9538","-4.8173","United Kingdom","GB","GBR","Inverclyde","","10350","1826142319"
"Forres","Forres","57.6080","-3.6200","United Kingdom","GB","GBR","Moray","","10100","1826092519"
"Abertillery","Abertillery","51.7300","-3.1300","United Kingdom","GB","GBR","Blaenau Gwent","","11601","1826675845"
"Trentham","Trentham","52.9663","-2.1899","United Kingdom","GB","GBR","Staffordshire","","11836","1826068717"
"Carnoustie","Carnoustie","56.5005","-2.7147","United Kingdom","GB","GBR","Angus","","11360","1826799363"
"Tonyrefail","Tonyrefail","51.5840","-3.4306","United Kingdom","GB","GBR","Rhondda Cynon Taff","","12301","1826868989"
"Brislington","Brislington","51.4316","-2.5439","United Kingdom","GB","GBR","Bristol, City of","","11511","1826515115"
"Oakham","Oakham","52.6705","-0.7333","United Kingdom","GB","GBR","Rutland","","10975","1826442570"
"Bishopstoke","Bishopstoke","50.9679","-1.3278","United Kingdom","GB","GBR","Hampshire","","9974","1826495708"
"Kippax","Kippax","53.7669","-1.3705","United Kingdom","GB","GBR","Leeds","","9785","1826981453"
"Ryhope","Ryhope","54.8679","-1.3698","United Kingdom","GB","GBR","Sunderland","","10484","1826951829"
"Glascote","Glascote","52.6245","-1.6680","United Kingdom","GB","GBR","Staffordshire","","8344","1826962627"
"Larbert","Larbert","56.0229","-3.8260","United Kingdom","GB","GBR","Falkirk","","11050","1826937694"
"Lemington","Lemington","54.9720","-1.7230","United Kingdom","GB","GBR","Newcastle upon Tyne","","10228","1826216570"
"Henley on Thames","Henley on Thames","51.5357","-0.9030","United Kingdom","GB","GBR","Oxfordshire","","11619","1826580742"
"Tavistock","Tavistock","50.5450","-4.1500","United Kingdom","GB","GBR","Devon","","11018","1826700583"
"Horsell","Horsell","51.3286","-0.5617","United Kingdom","GB","GBR","Surrey","","9384","1826085922"
"Buckhurst Hill","Buckhurst Hill","51.6320","0.0360","United Kingdom","GB","GBR","Essex","","11380","1826018401"
"Newport","Newport","52.7691","-2.3787","United Kingdom","GB","GBR","Telford and Wrekin","","11387","1826096263"
"Cupar","Cupar","56.3200","-3.0100","United Kingdom","GB","GBR","Fife","","9020","1826556120"
"Stranraer","Stranraer","54.9020","-5.0270","United Kingdom","GB","GBR","Dumfries and Galloway","","10320","1826813563"
"Longbenton","Longbenton","55.0000","-1.5700","United Kingdom","GB","GBR","Newcastle upon Tyne","","10617","1826725161"
"Wilnecote","Wilnecote","52.6081","-1.6677","United Kingdom","GB","GBR","Staffordshire","","9358","1826733076"
"Inverurie","Inverurie","57.2800","-2.3800","United Kingdom","GB","GBR","Aberdeenshire","","10885","1826552358"
"Hellesdon","Hellesdon","52.6485","1.2509","United Kingdom","GB","GBR","Norfolk","","10957","1826464470"
"Broadstone","Broadstone","50.7605","-1.9950","United Kingdom","GB","GBR","Poole","","10303","1826492540"
"Roby","Roby","53.4130","-2.8520","United Kingdom","GB","GBR","Knowsley","","7254","1826315331"
"Nairn","Nairn","57.5860","-3.8690","United Kingdom","GB","GBR","Highland","","9960","1826470405"
"Ifield","Ifield","51.1234","-0.2073","United Kingdom","GB","GBR","West Sussex","","8882","1826269195"
"Amesbury","Amesbury","51.1730","-1.7800","United Kingdom","GB","GBR","Wiltshire","","10724","1826157369"
"Utley","Utley","53.8800","-1.9100","United Kingdom","GB","GBR","Bradford","","5500","1826191797"
"Helston","Helston","50.1000","-5.2700","United Kingdom","GB","GBR","Cornwall","","9780","1826301318"
"Aberbargoed","Aberbargoed","51.6968","-3.2240","United Kingdom","GB","GBR","Caerphilly","","9184","1826650581"
"Choppington","Choppington","55.1450","-1.6010","United Kingdom","GB","GBR","Northumberland","","9787","1826999025"
"Allington","Allington","51.2903","0.5019","United Kingdom","GB","GBR","Kent","","7100","1826198624"
"Chapeltown","Chapeltown","53.4620","-1.4660","United Kingdom","GB","GBR","Sheffield","","10043","1826155857"
"Shenfield","Shenfield","51.6297","0.3192","United Kingdom","GB","GBR","Essex","","10511","1826482164"
"Dunbar","Dunbar","56.0027","-2.5169","United Kingdom","GB","GBR","East Lothian","","9030","1826158363"
"Warfield","Warfield","51.4420","-0.7370","United Kingdom","GB","GBR","Bracknell Forest","","10088","1826340559"
"Glenfield","Glenfield","52.6491","-1.2062","United Kingdom","GB","GBR","Leicestershire","","9643","1826730292"
"Broughton Astley","Broughton Astley","52.5278","-1.2275","United Kingdom","GB","GBR","Leicestershire","","8940","1826146185"
"Greenhill","Greenhill","51.3600","1.1030","United Kingdom","GB","GBR","Kent","","7339","1826652073"
"Cove","Cove","51.2965","-0.7939","United Kingdom","GB","GBR","Hampshire","","6548","1826177889"
"South Normanton","South Normanton","53.1070","-1.3430","United Kingdom","GB","GBR","Derbyshire","","9445","1826448406"
"Kilsyth","Kilsyth","55.9800","-4.0600","United Kingdom","GB","GBR","North Lanarkshire","","10080","1826765912"
"Saint Peters","Saint Peters","51.3651","1.4191","United Kingdom","GB","GBR","Kent","","7042","1826950028"
"Great Billing","Great Billing","52.2577","-0.8222","United Kingdom","GB","GBR","Northamptonshire","","8457","1826085165"
"Shephall","Shephall","51.8906","-0.1765","United Kingdom","GB","GBR","Hertfordshire","","6210","1826143891"
"Boxley","Boxley","51.3024","0.5429","United Kingdom","GB","GBR","Kent","","9554","1826029798"
"Gedling","Gedling","52.9750","-1.0810","United Kingdom","GB","GBR","Nottinghamshire","","6817","1826387928"
"Attleborough","Attleborough","52.5156","-1.4575","United Kingdom","GB","GBR","Warwickshire","","7564","1826338626"
"Bradwell","Bradwell","52.0500","-0.7870","United Kingdom","GB","GBR","Milton Keynes","","9657","1826794750"
"Newbold","Newbold","53.2519","-1.4461","United Kingdom","GB","GBR","Derbyshire","","7962","1826775307"
"Cam","Cam","51.7000","-2.3667","United Kingdom","GB","GBR","Gloucestershire","","8152","1826325556"
"Leven","Leven","56.1950","-2.9942","United Kingdom","GB","GBR","Fife","","9040","1826961617"
"Dowlais","Dowlais","51.7620","-3.3530","United Kingdom","GB","GBR","Merthyr Tydfil","","6926","1826418856"
"Sandiacre","Sandiacre","52.9230","-1.2910","United Kingdom","GB","GBR","Nottinghamshire","","8889","1826005601"
"Bolton upon Dearne","Bolton upon Dearne","53.5197","-1.3148","United Kingdom","GB","GBR","Barnsley","","6744","1826942280"
"Church","Church","53.7550","-2.3860","United Kingdom","GB","GBR","Lancashire","","5186","1826321995"
"Glastonbury","Glastonbury","51.1485","-2.7140","United Kingdom","GB","GBR","Somerset","","8932","1826365312"
"Bonhill","Bonhill","55.9830","-4.5670","United Kingdom","GB","GBR","West Dunbartonshire","","9050","1826925473"
"Codsall","Codsall","52.6267","-2.1924","United Kingdom","GB","GBR","Staffordshire","","7582","1826956381"
"Great Burstead","Great Burstead","51.6040","0.4450","United Kingdom","GB","GBR","Essex","","5968","1826018359"
"Sundon","Sundon","51.9200","-0.4700","United Kingdom","GB","GBR","Luton","","7585","1826167301"
"Exhall","Exhall","52.4700","-1.4800","United Kingdom","GB","GBR","Coventry","","8006","1826009826"
"Bedwas","Bedwas","51.5926","-3.2061","United Kingdom","GB","GBR","Caerphilly","","8512","1826357082"
"Bramley","Bramley","53.4253","-1.2648","United Kingdom","GB","GBR","Rotherham","","8194","1826030000"
"Marlborough","Marlborough","51.4200","-1.7300","United Kingdom","GB","GBR","Wiltshire","","8395","1826128620"
"Brimington","Brimington","53.2580","-1.3905","United Kingdom","GB","GBR","Derbyshire","","8788","1826142035"
"Bucksburn","Bucksburn","57.1770","-2.1750","United Kingdom","GB","GBR","Aberdeen City","","8131","1826325568"
"West Auckland","West Auckland","54.6318","-1.7210","United Kingdom","GB","GBR","Durham","","8509","1826314267"
"Gowerton","Gowerton","51.6480","-4.0430","United Kingdom","GB","GBR","Swansea","","8183","1826948192"
"Harworth","Harworth","53.4170","-1.0750","United Kingdom","GB","GBR","Nottinghamshire","","7948","1826992188"
"Monifieth","Monifieth","56.4810","-2.8200","United Kingdom","GB","GBR","Angus","","8110","1826422128"
"Stopsley","Stopsley","51.8990","-0.3960","United Kingdom","GB","GBR","Luton","","7760","1826317854"
"Oban","Oban","56.4120","-5.4720","United Kingdom","GB","GBR","Argyll and Bute","","8490","1826954935"
"Wickersley","Wickersley","53.4199","-1.2792","United Kingdom","GB","GBR","Rotherham","","7392","1826056862"
"Wistaston","Wistaston","53.0821","-2.4747","United Kingdom","GB","GBR","Cheshire East","","8117","1826133084"
"Crieff","Crieff","56.3757","-3.8426","United Kingdom","GB","GBR","Perth and Kinross","","7430","1826923281"
"Torpoint","Torpoint","50.3760","-4.2050","United Kingdom","GB","GBR","Cornwall","","7717","1826843496"
"Bilton","Bilton","52.3594","-1.2900","United Kingdom","GB","GBR","Warwickshire","","6175","1826936718"
"Warrenpoint","Warrenpoint","54.0991","-6.2490","United Kingdom","GB","GBR","Newry, Mourne and Down","","6981","1826037087"
"Whetstone","Whetstone","52.5724","-1.1799","United Kingdom","GB","GBR","Leicestershire","","6556","1826380790"
"Aintree","Aintree","53.4793","-2.9373","United Kingdom","GB","GBR","Liverpool","","6689","1826876428"
"Brechin","Brechin","56.7299","-2.6553","United Kingdom","GB","GBR","Angus","","7400","1826338747"
"Duntocher","Duntocher","55.9240","-4.4170","United Kingdom","GB","GBR","West Dunbartonshire","","6880","1826692197"
"Llantwit Fardre","Llantwit Fardre","51.5578","-3.3341","United Kingdom","GB","GBR","Rhondda Cynon Taff","","6099","1826473796"
"Harlescott","Harlescott","52.7365","-2.7226","United Kingdom","GB","GBR","Shropshire","","5060","1826238045"
"Bothwell","Bothwell","55.8023","-4.0662","United Kingdom","GB","GBR","South Lanarkshire","","6380","1826943843"
"Uddingston","Uddingston","55.8183","-4.0827","United Kingdom","GB","GBR","South Lanarkshire","","6370","1826718081"
"Withernsea","Withernsea","53.7285","0.0382","United Kingdom","GB","GBR","East Riding of Yorkshire","","5980","1826436345"
"Farington","Farington","53.7030","-2.6850","United Kingdom","GB","GBR","Lancashire","","6674","1826495062"
"Kirkwall","Kirkwall","58.9810","-2.9600","United Kingdom","GB","GBR","Orkney Islands","","7420","1826208698"
"Dyce","Dyce","57.2031","-2.1920","United Kingdom","GB","GBR","Aberdeen City","","6190","1826467438"
"Lexden","Lexden","51.8833","0.8667","United Kingdom","GB","GBR","Essex","","5549","1826001135"
"Lerwick","Lerwick","60.1550","-1.1450","United Kingdom","GB","GBR","Shetland Islands","","6880","1826896340"
"Sauchie","Sauchie","56.1296","-3.7767","United Kingdom","GB","GBR","Clackmannanshire","","6310","1826722060"
"Cheddar","Cheddar","51.2790","-2.7780","United Kingdom","GB","GBR","Somerset","","5755","1826363162"
"Golcar","Golcar","53.6378","-1.8457","United Kingdom","GB","GBR","Kirklees","","6900","1826648142"
"Altofts","Altofts","53.6970","-1.4160","United Kingdom","GB","GBR","Wakefield","","6198","1826413238"
"Bishopton","Bishopton","55.9086","-4.5045","United Kingdom","GB","GBR","Renfrewshire","","5330","1826169659"
"Broughton","Broughton","53.5638","-0.5465","United Kingdom","GB","GBR","North Lincolnshire","","5726","1826619680"
"Harleston","Harleston","52.4024","1.2996","United Kingdom","GB","GBR","Norfolk","","5067","1826624574"
"Wotton-under-Edge","Wotton-under-Edge","51.6380","-2.3490","United Kingdom","GB","GBR","Gloucestershire","","5627","1826917340"
"Bridge of Allan","Bridge of Allan","56.1550","-3.9420","United Kingdom","GB","GBR","Stirling","","5380","1826777809"
"Freckleton","Freckleton","53.7530","-2.8670","United Kingdom","GB","GBR","Lancashire","","6019","1826757058"
"Hengoed","Hengoed","51.6500","-3.2300","United Kingdom","GB","GBR","Caerphilly","","5548","1826000038"
"Magor","Magor","51.5798","-2.8312","United Kingdom","GB","GBR","Monmouthshire","","6140","1826057542"
"Balloch","Balloch","56.0020","-4.5800","United Kingdom","GB","GBR","West Dunbartonshire","","6050","1826011003"
"Chickerell","Chickerell","50.6240","-2.5047","United Kingdom","GB","GBR","Dorset","","5515","1826484672"
"Oundle","Oundle","52.4800","-0.4720","United Kingdom","GB","GBR","Northamptonshire","","5735","1826530571"
"Dartmouth","Dartmouth","50.3510","-3.5790","United Kingdom","GB","GBR","Devon","","5064","1826002814"
"Elderslie","Elderslie","55.8306","-4.4842","United Kingdom","GB","GBR","Renfrewshire","","5330","1826117345"
"Brotton","Brotton","54.5680","-0.9370","United Kingdom","GB","GBR","Redcar and Cleveland","","5394","1826306929"
"Brayton","Brayton","53.7682","-1.0907","United Kingdom","GB","GBR","North Yorkshire","","5299","1826840707"
"Kinross","Kinross","56.2050","-3.4230","United Kingdom","GB","GBR","Perth and Kinross","","5120","1826912793"
"Whiston","Whiston","53.4000","-1.3200","United Kingdom","GB","GBR","Rotherham","","5042","1826470625"
"Grangetown","Grangetown","54.5800","-1.1440","United Kingdom","GB","GBR","Redcar and Cleveland","","5088","1826320300"
"Heage","Heage","53.0500","-1.4470","United Kingdom","GB","GBR","Derbyshire","","5013","1826178379"
"Wakefield","Wakefield","53.6800","-1.4900","United Kingdom","GB","GBR","Wakefield","","99251","1826013112"
"Oldham","Oldham","53.5444","-2.1169","United Kingdom","GB","GBR","Oldham","","96555","1826716070"
"Bedford","Bedford","52.1350","-0.4700","United Kingdom","GB","GBR","Bedford","","92407","1826771105"
"Southport","Southport","53.6475","-3.0053","United Kingdom","GB","GBR","Sefton","","91703","1826271387"
"Halifax","Halifax","53.7250","-1.8630","United Kingdom","GB","GBR","Calderdale","","88134","1826413776"
"Grimsby","Grimsby","53.5595","-0.0680","United Kingdom","GB","GBR","North East Lincolnshire","","88243","1826700880"
"Derry","Derry","54.9917","-7.3417","United Kingdom","GB","GBR","Derry and Strabane","","85016","1826603241"
"Redditch","Redditch","52.3000","-1.9333","United Kingdom","GB","GBR","Worcestershire","","81919","1826205148"
"Stockton-on-Tees","Stockton-on-Tees","54.5700","-1.3200","United Kingdom","GB","GBR","Stockton-on-Tees","","82729","1826259802"
"Harlow","Harlow","51.7790","0.1280","United Kingdom","GB","GBR","Essex","","82059","1826737132"
"Eastleigh","Eastleigh","50.9667","-1.3500","United Kingdom","GB","GBR","Hampshire","","78716","1826595228"
"Guildford","Guildford","51.2365","-0.5703","United Kingdom","GB","GBR","Surrey","","77057","1826863533"
"Shrewsbury","Shrewsbury","52.7080","-2.7540","United Kingdom","GB","GBR","Shropshire","","71715","1826283137"
"Lisburn","Lisburn","54.5167","-6.0333","United Kingdom","GB","GBR","Lisburn and Castlereagh","","71465","1826667481"
"Stafford","Stafford","52.8070","-2.1170","United Kingdom","GB","GBR","Staffordshire","","70592","1826088347"
"Cannock","Cannock","52.6910","-2.0270","United Kingdom","GB","GBR","Staffordshire","","67768","1826709192"
"Godalming","Godalming","51.1800","-0.6100","United Kingdom","GB","GBR","Surrey","","66773","1826220347"
"Maidenhead","Maidenhead","51.5217","-0.7177","United Kingdom","GB","GBR","Windsor and Maidenhead","","63580","1826979451"
"Bognor Regis","Bognor Regis","50.7824","-0.6764","United Kingdom","GB","GBR","West Sussex","","63885","1826873593"
"Woking","Woking","51.3162","-0.5610","United Kingdom","GB","GBR","Surrey","","62796","1826205427"
"Widnes","Widnes","53.3630","-2.7280","United Kingdom","GB","GBR","Halton","","61464","1826947686"
"Margate","Margate","51.3850","1.3838","United Kingdom","GB","GBR","Kent","","61223","1826808237"
"Halesowen","Halesowen","52.4502","-2.0509","United Kingdom","GB","GBR","Dudley","","58135","1826152884"
"Aldershot","Aldershot","51.2480","-0.7580","United Kingdom","GB","GBR","Hampshire","","57211","1826766548"
"Canterbury","Canterbury","51.2800","1.0800","United Kingdom","GB","GBR","Kent","","54880","1826094061"
"Corby","Corby","52.4877","-0.7013","United Kingdom","GB","GBR","Northamptonshire","","54927","1826582778"
"Christchurch","Christchurch","50.7300","-1.7800","United Kingdom","GB","GBR","Dorset","","54210","1826669534"
"Keighley","Keighley","53.8670","-1.9110","United Kingdom","GB","GBR","Bradford","","53331","1826638204"
"Livingston","Livingston","55.8834","-3.5157","United Kingdom","GB","GBR","West Lothian","","50826","1826286558"
"Esher","Esher","51.3691","-0.3650","United Kingdom","GB","GBR","Surrey","","50904","1826230641"
"Clacton-on-Sea","Clacton-on-Sea","51.7918","1.1457","United Kingdom","GB","GBR","Essex","","50548","1826044595"
"Smethwick","Smethwick","52.4928","-1.9682","United Kingdom","GB","GBR","Sandwell","","48180","1826953119"
"Welwyn Garden City","Welwyn Garden City","51.8062","-0.1932","United Kingdom","GB","GBR","Hertfordshire","","48380","1826345498"
"Cwmbran","Cwmbran","51.6530","-3.0210","United Kingdom","GB","GBR","Torfaen","","48535","1826475602"
"Durham","Durham","54.7761","-1.5733","United Kingdom","GB","GBR","Durham","","48069","1826031748"
"Perth","Perth","56.3970","-3.4370","United Kingdom","GB","GBR","Perth and Kinross","","47430","1826081674"
"Kilmarnock","Kilmarnock","55.6111","-4.4957","United Kingdom","GB","GBR","East Ayrshire","","46350","1826595229"
"Kings Lynn","King's Lynn","52.7543","0.3976","United Kingdom","GB","GBR","Norfolk","","42800","1826126366"
"Greenock","Greenock","55.9500","-4.7650","United Kingdom","GB","GBR","Inverclyde","","41990","1826864377"
"Bury Saint Edmunds","Bury Saint Edmunds","52.2474","0.7183","United Kingdom","GB","GBR","Suffolk","","40664","1826257341"
"Glenrothes","Glenrothes","56.1980","-3.1780","United Kingdom","GB","GBR","Fife","","38510","1826270044"
"Stirling","Stirling","56.1166","-3.9369","United Kingdom","GB","GBR","Stirling","","37610","1826517007"
"Tonbridge","Tonbridge","51.1987","0.2764","United Kingdom","GB","GBR","Kent","","38657","1826806502"
"Great Yarmouth","Great Yarmouth","52.6060","1.7290","United Kingdom","GB","GBR","Norfolk","","38693","1826653059"
"Port Talbot","Port Talbot","51.5906","-3.7986","United Kingdom","GB","GBR","Neath Port Talbot","","37276","1826981147"
"Accrington","Accrington","53.7534","-2.3638","United Kingdom","GB","GBR","Lancashire","","35456","1826709919"
"Morecambe","Morecambe","54.0730","-2.8700","United Kingdom","GB","GBR","Lancashire","","34768","1826651603"
"Winchester","Winchester","51.0632","-1.3080","United Kingdom","GB","GBR","Hampshire","","35200","1826967267"
"Exmouth","Exmouth","50.6200","-3.4130","United Kingdom","GB","GBR","Devon","","34432","1826008044"
"Irvine","Irvine","55.6201","-4.6614","United Kingdom","GB","GBR","North Ayrshire","","33698","1826965925"
"Warwick","Warwick","52.2800","-1.5900","United Kingdom","GB","GBR","Warwickshire","","32719","1826383937"
"Wisbech","Wisbech","52.6640","0.1600","United Kingdom","GB","GBR","Cambridgeshire","","31573","1826161684"
"Dumfries","Dumfries","55.0700","-3.6030","United Kingdom","GB","GBR","Dumfries and Galloway","","32379","1826801547"
"Windsor","Windsor","51.4791","-0.6095","United Kingdom","GB","GBR","Windsor and Maidenhead","","32184","1826792931"
"Whitstable","Whitstable","51.3610","1.0260","United Kingdom","GB","GBR","Kent","","30195","1826750836"
"Beverley","Beverley","53.8450","-0.4270","United Kingdom","GB","GBR","East Riding of Yorkshire","","30831","1826700096"
"Stanford le Hope","Stanford le Hope","51.5140","0.4244","United Kingdom","GB","GBR","Thurrock","","28765","1826848098"
"Witney","Witney","51.7800","-1.4900","United Kingdom","GB","GBR","Oxfordshire","","27522","1826136644"
"Seaford","Seaford","50.7700","0.1000","United Kingdom","GB","GBR","East Sussex","","26955","1826426946"
"Stratford-upon-Avon","Stratford-upon-Avon","52.1928","-1.7064","United Kingdom","GB","GBR","Warwickshire","","27445","1826756514"
"Thetford","Thetford","52.4100","0.7400","United Kingdom","GB","GBR","Norfolk","","27027","1826591780"
"Jarrow","Jarrow","54.9797","-1.4804","United Kingdom","GB","GBR","South Tyneside","","27526","1826615056"
"East Grinstead","East Grinstead","51.1290","-0.0070","United Kingdom","GB","GBR","West Sussex","","26383","1826278903"
"Burntwood","Burntwood","52.6831","-1.9200","United Kingdom","GB","GBR","Staffordshire","","26049","1826702051"
"Whitehaven","Whitehaven","54.5480","-3.5855","United Kingdom","GB","GBR","Cumbria","","25032","1826916205"
"Farnham","Farnham","51.2150","-0.7990","United Kingdom","GB","GBR","Surrey","","25604","1826338893"
"Newton Abbot","Newton Abbot","50.5290","-3.6100","United Kingdom","GB","GBR","Devon","","23580","1826126497"
"Rickmansworth","Rickmansworth","51.6383","-0.4659","United Kingdom","GB","GBR","Hertfordshire","","23973","1826881978"
"Newport","Newport","50.7010","-1.2883","United Kingdom","GB","GBR","Isle of Wight","","23957","1826718687"
"Formby","Formby","53.5586","-3.0666","United Kingdom","GB","GBR","Sefton","","22419","1826350182"
"Elgin","Elgin","57.6500","-3.3150","United Kingdom","GB","GBR","Moray","","23128","1826386055"
"Kirkintilloch","Kirkintilloch","55.9380","-4.1550","United Kingdom","GB","GBR","East Dunbartonshire","","21380","1826571447"
"Darton","Darton","53.5850","-1.5325","United Kingdom","GB","GBR","Barnsley","","21345","1826106593"
"Omagh","Omagh","54.5900","-7.2900","United Kingdom","GB","GBR","Fermanagh and Omagh","","21056","1826686995"
"South Ockendon","South Ockendon","51.5207","0.2956","United Kingdom","GB","GBR","Thurrock","","22303","1826422421"
"Richmond","Richmond","51.4560","-0.3010","United Kingdom","GB","GBR","Richmond upon Thames","","21469","1826875300"
"Musselburgh","Musselburgh","55.9420","-3.0540","United Kingdom","GB","GBR","East Lothian","","20840","1826974542"
"Dumbarton","Dumbarton","55.9500","-4.5667","United Kingdom","GB","GBR","West Dunbartonshire","","20560","1826077098"
"Cirencester","Cirencester","51.7190","-1.9680","United Kingdom","GB","GBR","Gloucestershire","","19076","1826367738"
"Ware","Ware","51.8109","-0.0314","United Kingdom","GB","GBR","Hertfordshire","","18799","1826891949"
"Newmarket","Newmarket","52.2459","0.4105","United Kingdom","GB","GBR","Suffolk","","20384","1826537250"
"Ely","Ely","52.3981","0.2622","United Kingdom","GB","GBR","Cambridgeshire","","20256","1826009346"
"Dorchester","Dorchester","50.7154","-2.4367","United Kingdom","GB","GBR","Dorset","","20135","1826909037"
"Eastwood","Eastwood","53.0180","-1.3040","United Kingdom","GB","GBR","Nottinghamshire","","18612","1826227657"
"Goole","Goole","53.6992","-0.8692","United Kingdom","GB","GBR","East Riding of Yorkshire","","19518","1826412985"
"Monkseaton","Monkseaton","55.0430","-1.4590","United Kingdom","GB","GBR","North Tyneside","","19044","1826239698"
"Ebbw Vale","Ebbw Vale","51.7779","-3.2117","United Kingdom","GB","GBR","Blaenau Gwent","","18558","1826821223"
"Berkhampstead","Berkhampstead","51.7600","-0.5600","United Kingdom","GB","GBR","Hertfordshire","","18100","1826863985"
"Fulwood","Fulwood","53.3650","-1.5440","United Kingdom","GB","GBR","Sheffield","","18233","1826986011"
"Almondbury","Almondbury","53.6344","-1.7489","United Kingdom","GB","GBR","Kirklees","","18346","1826676976"
"Sunbury","Sunbury","51.4230","-0.4240","United Kingdom","GB","GBR","Surrey","","18041","1826417394"
"Harwich","Harwich","51.9340","1.2660","United Kingdom","GB","GBR","Essex","","17684","1826285169"
"Portchester","Portchester","50.8420","-1.1200","United Kingdom","GB","GBR","Hampshire","","17789","1826303470"
"Glen Parva","Glen Parva","52.5867","-1.1617","United Kingdom","GB","GBR","Leicestershire","","17189","1826454038"
"Barrhead","Barrhead","55.8010","-4.3890","United Kingdom","GB","GBR","East Renfrewshire","","17610","1826311398"
"Thornton","Thornton","53.7898","-1.8504","United Kingdom","GB","GBR","Bradford","","17276","1826639956"
"Heysham","Heysham","54.0460","-2.8940","United Kingdom","GB","GBR","Lancashire","","17016","1826178724"
"Broxburn","Broxburn","55.9340","-3.4710","United Kingdom","GB","GBR","West Lothian","","15440","1826364673"
"Stanley","Stanley","53.7145","-1.4760","United Kingdom","GB","GBR","Wakefield","","15314","1826805412"
"Haslemere","Haslemere","51.0900","-0.7120","United Kingdom","GB","GBR","Surrey","","16826","1826519948"
"Saint Andrews","Saint Andrews","56.3404","-2.7955","United Kingdom","GB","GBR","Fife","","16680","1826606142"
"Grangemouth","Grangemouth","56.0120","-3.7170","United Kingdom","GB","GBR","Falkirk","","16650","1826973593"
"Northallerton","Northallerton","54.3378","-1.4285","United Kingdom","GB","GBR","North Yorkshire","","15741","1826697671"
"Seacombe","Seacombe","53.4090","-3.0290","United Kingdom","GB","GBR","Wirral","","15387","1826216139"
"Banbridge","Banbridge","54.3430","-6.2600","United Kingdom","GB","GBR","Armagh, Banbridge and Craigavon","","14744","1826331367"
"Denby Dale","Denby Dale","53.5720","-1.6550","United Kingdom","GB","GBR","Kirklees","","16365","1826175295"
"Wyke","Wyke","53.7369","-1.7700","United Kingdom","GB","GBR","Bradford","","14950","1826505143"
"Bangor","Bangor","53.2280","-4.1280","United Kingdom","GB","GBR","Isle of Anglesey","","16358","1826969137"
"Penicuik","Penicuik","55.8260","-3.2200","United Kingdom","GB","GBR","Midlothian","","15926","1826366579"
"Adwick le Street","Adwick le Street","53.5677","-1.1931","United Kingdom","GB","GBR","Doncaster","","15911","1826413996"
"Conwy","Conwy","53.2800","-3.8300","United Kingdom","GB","GBR","Conwy","","14723","1826011797"
"Lewes","Lewes","50.8756","0.0179","United Kingdom","GB","GBR","East Sussex","","15988","1826774397"
"Hetton le Hole","Hetton le Hole","54.8210","-1.4490","United Kingdom","GB","GBR","Sunderland","","14402","1826816233"
"Alloa","Alloa","56.1160","-3.7930","United Kingdom","GB","GBR","Clackmannanshire","","14420","1826126712"
"Ince-in-Makerfield","Ince-in-Makerfield","53.5402","-2.5990","United Kingdom","GB","GBR","Wigan","","15664","1826328021"
"Oswestry","Oswestry","52.8598","-3.0538","United Kingdom","GB","GBR","Shropshire","","15613","1826246108"
"Matlock","Matlock","53.1400","-1.5500","United Kingdom","GB","GBR","Derbyshire","","15519","1826168850"
"Forfar","Forfar","56.6442","-2.8884","United Kingdom","GB","GBR","Angus","","14230","1826527188"
"Swallownest","Swallownest","53.3623","-1.3251","United Kingdom","GB","GBR","Rotherham","","15022","1826951859"
"Mackworth","Mackworth","52.9277","-1.5373","United Kingdom","GB","GBR","Derby","","14180","1826657031"
"Port Glasgow","Port Glasgow","55.9340","-4.6906","United Kingdom","GB","GBR","Inverclyde","","14620","1826330462"
"Chellaston","Chellaston","52.8671","-1.4384","United Kingdom","GB","GBR","Derbyshire","","15198","1826021847"
"Winkfield","Winkfield","51.4318","-0.7096","United Kingdom","GB","GBR","Bracknell Forest","","14998","1826199391"
"Dalkeith","Dalkeith","55.8958","-3.0583","United Kingdom","GB","GBR","Midlothian","","13400","1826152382"
"Farnborough","Farnborough","51.3591","0.0741","United Kingdom","GB","GBR","Bromley","","14632","1826247244"
"Penrith","Penrith","54.6648","-2.7548","United Kingdom","GB","GBR","Cumbria","","14756","1826839302"
"Boness","Bo'ness","56.0168","-3.6089","United Kingdom","GB","GBR","Falkirk","","14760","1826331223"
"Teignmouth","Teignmouth","50.5515","-3.4886","United Kingdom","GB","GBR","Devon","","14749","1826052083"
"Troon","Troon","55.5400","-4.6600","United Kingdom","GB","GBR","South Ayrshire","","14710","1826943206"
"Cliftonville","Cliftonville","51.3881","1.4046","United Kingdom","GB","GBR","Kent","","12900","1826914470"
"Hamworthy","Hamworthy","50.7207","-2.0109","United Kingdom","GB","GBR","Poole","","13141","1826152071"
"Helensburgh","Helensburgh","56.0166","-4.7333","United Kingdom","GB","GBR","Argyll and Bute","","13640","1826378273"
"Selston","Selston","53.0700","-1.3000","United Kingdom","GB","GBR","Nottinghamshire","","12596","1826087105"
"Birstall","Birstall","52.6736","-1.1200","United Kingdom","GB","GBR","Leicester","","12216","1826141026"
"Fenton","Fenton","52.9977","-2.1578","United Kingdom","GB","GBR","Stoke-on-Trent","","12070","1826789719"
"Carluke","Carluke","55.7340","-3.8340","United Kingdom","GB","GBR","South Lanarkshire","","13320","1826058388"
"North Walsham","North Walsham","52.8214","1.3861","United Kingdom","GB","GBR","Norfolk","","12634","1826981933"
"Flitwick","Flitwick","52.0038","-0.4966","United Kingdom","GB","GBR","Central Bedfordshire","","12700","1826751494"
"Cowdenbeath","Cowdenbeath","56.1100","-3.3500","United Kingdom","GB","GBR","Fife","","11640","1826932190"
"Bridgnorth","Bridgnorth","52.5350","-2.4195","United Kingdom","GB","GBR","Shropshire","","12079","1826579574"
"Bryn","Bryn","53.4990","-2.6570","United Kingdom","GB","GBR","Wigan","","11662","1826011571"
"Aberystwyth","Aberystwyth","52.4140","-4.0810","United Kingdom","GB","GBR","Ceredigion","","12250","1826420477"
"Galashiels","Galashiels","55.6194","-2.8033","United Kingdom","GB","GBR","Scottish Borders, The","","13000","1826185661"
"Syston","Syston","52.7000","-1.0800","United Kingdom","GB","GBR","Leicestershire","","12804","1826679514"
"Rushall","Rushall","52.6110","-1.9570","United Kingdom","GB","GBR","Walsall","","11871","1826029820"
"Knowsley","Knowsley","53.4498","-2.8501","United Kingdom","GB","GBR","Knowsley","","11343","1826568900"
"Beaconsfield","Beaconsfield","51.6009","-0.6347","United Kingdom","GB","GBR","Buckinghamshire","","12081","1826964711"
"Horndean","Horndean","50.9136","-0.9961","United Kingdom","GB","GBR","Hampshire","","12639","1826591617"
"Saltcoats","Saltcoats","55.6352","-4.7896","United Kingdom","GB","GBR","North Ayrshire","","12640","1826618463"
"Elland","Elland","53.6830","-1.8400","United Kingdom","GB","GBR","Calderdale","","11676","1826432819"
"Armadale","Armadale","55.8978","-3.7047","United Kingdom","GB","GBR","West Lothian","","12550","1826278494"
"Bickenhill","Bickenhill","52.4390","-1.7250","United Kingdom","GB","GBR","Solihull","","12456","1826206537"
"Tring","Tring","51.7962","-0.6592","United Kingdom","GB","GBR","Hertfordshire","","12099","1826144643"
"Saint Ives","Saint Ives","50.2110","-5.4800","United Kingdom","GB","GBR","Cornwall","","11226","1826132004"
"Cookstown","Cookstown","54.6470","-6.7450","United Kingdom","GB","GBR","Mid Ulster","","10646","1826277161"
"New Mills","New Mills","53.3670","-2.0070","United Kingdom","GB","GBR","Derbyshire","","12291","1826456632"
"Wells","Wells","51.2090","-2.6470","United Kingdom","GB","GBR","Somerset","","10536","1826235732"
"Tranent","Tranent","55.9450","-2.9540","United Kingdom","GB","GBR","East Lothian","","12140","1826125667"
"Montrose","Montrose","56.7080","-2.4670","United Kingdom","GB","GBR","Angus","","12100","1826865974"
"Whitburn","Whitburn","55.8621","-3.6872","United Kingdom","GB","GBR","West Lothian","","10860","1826366350"
"Southwick","Southwick","54.9193","-1.4062","United Kingdom","GB","GBR","Sunderland","","10535","1826865049"
"Oswaldtwistle","Oswaldtwistle","53.7430","-2.3930","United Kingdom","GB","GBR","Lancashire","","11803","1826124855"
"Torton","Torton","52.4522","-2.1606","United Kingdom","GB","GBR","Worcestershire","","11841","1826331260"
"Sunninghill","Sunninghill","51.4025","-0.6550","United Kingdom","GB","GBR","Windsor and Maidenhead","","11603","1826713508"
"Hipperholme","Hipperholme","53.7258","-1.8120","United Kingdom","GB","GBR","Calderdale","","11308","1826718988"
"Hexham","Hexham","54.9710","-2.1010","United Kingdom","GB","GBR","Northumberland","","11139","1826406735"
"Leatherhead","Leatherhead","51.2950","-0.3290","United Kingdom","GB","GBR","Surrey","","11316","1826812300"
"Whitchurch","Whitchurch","51.4064","-2.5594","United Kingdom","GB","GBR","Bath and North East Somerset","","11061","1826527232"
"Great Harwood","Great Harwood","53.7860","-2.4080","United Kingdom","GB","GBR","Lancashire","","10890","1826598586"
"Kingsnorth","Kingsnorth","51.1178","0.8615","United Kingdom","GB","GBR","Kent","","11243","1826823710"
"Stannington","Stannington","53.3960","-1.5360","United Kingdom","GB","GBR","Sheffield","","10747","1826474759"
"Burtonwood","Burtonwood","53.4302","-2.6614","United Kingdom","GB","GBR","Warrington","","11265","1826767649"
"Largs","Largs","55.7940","-4.8670","United Kingdom","GB","GBR","North Ayrshire","","11260","1826043639"
"Stonehaven","Stonehaven","56.9640","-2.2110","United Kingdom","GB","GBR","Aberdeenshire","","11170","1826190740"
"Methil","Methil","56.1844","-3.0223","United Kingdom","GB","GBR","Fife","","10800","1826468854"
"Soham","Soham","52.3338","0.3361","United Kingdom","GB","GBR","Cambridgeshire","","10860","1826606528"
"Knowle","Knowle","52.3881","-1.7318","United Kingdom","GB","GBR","Solihull","","10678","1826087458"
"Appleton","Appleton","53.3508","-2.5441","United Kingdom","GB","GBR","Warrington","","10265","1826486906"
"Wooburn","Wooburn","51.5810","-0.6910","United Kingdom","GB","GBR","Buckinghamshire","","10792","1826286228"
"Shevington","Shevington","53.5720","-2.6900","United Kingdom","GB","GBR","Wigan","","9517","1826958487"
"Chesterfield","Chesterfield","53.2358","-1.4275","United Kingdom","GB","GBR","Derbyshire","","10688","1826756415"
"Pencoed","Pencoed","51.5228","-3.5047","United Kingdom","GB","GBR","Bridgend","","9166","1826165735"
"Euxton","Euxton","53.6620","-2.6740","United Kingdom","GB","GBR","Lancashire","","9993","1826461548"
"Caernarfon","Caernarfon","53.1400","-4.2700","United Kingdom","GB","GBR","Gwynedd","","9615","1826011275"
"Southwater","Southwater","51.0238","-0.3526","United Kingdom","GB","GBR","West Sussex","","10025","1826135276"
"Kingsteignton","Kingsteignton","50.5458","-3.5962","United Kingdom","GB","GBR","Devon","","10600","1826679607"
"Ardrossan","Ardrossan","55.6432","-4.8097","United Kingdom","GB","GBR","North Ayrshire","","10670","1826874237"
"Ludlow","Ludlow","52.3680","-2.7180","United Kingdom","GB","GBR","Shropshire","","10266","1826562344"
"Prestonpans","Prestonpans","55.9597","-2.9610","United Kingdom","GB","GBR","East Lothian","","10410","1826462891"
"Blairgowrie","Blairgowrie","56.5916","-3.3405","United Kingdom","GB","GBR","Perth and Kinross","","9020","1826311764"
"Buckie","Buckie","57.6760","-2.9650","United Kingdom","GB","GBR","Moray","","8640","1826944488"
"London Colney","London Colney","51.7260","-0.3000","United Kingdom","GB","GBR","Hertfordshire","","9507","1826250958"
"Cumnock","Cumnock","55.4529","-4.2638","United Kingdom","GB","GBR","East Ayrshire","","8830","1826053994"
"Ellon","Ellon","57.3660","-2.0860","United Kingdom","GB","GBR","Aberdeenshire","","10200","1826126945"
"Padbury","Padbury","51.9710","-0.9520","United Kingdom","GB","GBR","Buckinghamshire","","10127","1826308435"
"Annan","Annan","54.9830","-3.2660","United Kingdom","GB","GBR","Dumfries and Galloway","","8780","1826837081"
"Fort William","Fort William","56.8198","-5.1052","United Kingdom","GB","GBR","Highland","","10175","1826742184"
"Yatton","Yatton","51.3855","-2.8256","United Kingdom","GB","GBR","North Somerset","","9176","1826709629"
"Tanfield","Tanfield","54.8970","-1.7030","United Kingdom","GB","GBR","Durham","","8270","1826347778"
"Crigglestone","Crigglestone","53.6440","-1.5226","United Kingdom","GB","GBR","Wakefield","","9271","1826293505"
"Narborough","Narborough","52.5727","-1.2023","United Kingdom","GB","GBR","Leicestershire","","8448","1826174568"
"Aveley","Aveley","51.5018","0.2534","United Kingdom","GB","GBR","Thurrock","","9461","1826305482"
"Hayle","Hayle","50.1860","-5.4190","United Kingdom","GB","GBR","Cornwall","","9400","1826999750"
"Holywell","Holywell","53.2740","-3.2230","United Kingdom","GB","GBR","Flintshire","","8886","1826527562"
"Worth","Worth","51.1130","-0.1470","United Kingdom","GB","GBR","West Sussex","","9888","1826978438"
"Towcester","Towcester","52.1300","-0.9900","United Kingdom","GB","GBR","Northamptonshire","","9252","1826221011"
"Queensferry","Queensferry","55.9900","-3.3980","United Kingdom","GB","GBR","Edinburgh, City of","","9350","1826335881"
"Ferryhill","Ferryhill","54.6900","-1.5500","United Kingdom","GB","GBR","Durham","","8942","1826891568"
"Cobham","Cobham","51.3290","-0.4090","United Kingdom","GB","GBR","Surrey","","9739","1826478182"
"Audley","Audley","53.0530","-2.3040","United Kingdom","GB","GBR","Staffordshire","","8437","1826819184"
"Bersted","Bersted","50.7970","-0.6890","United Kingdom","GB","GBR","West Sussex","","8496","1826358905"
"Hockley","Hockley","51.6014","0.6363","United Kingdom","GB","GBR","Essex","","9616","1826444113"
"Carlton Colville","Carlton Colville","52.4540","1.6910","United Kingdom","GB","GBR","Suffolk","","8505","1826912261"
"Brandon","Brandon","52.4474","0.6242","United Kingdom","GB","GBR","Suffolk","","9145","1826506200"
"Shinfield","Shinfield","51.4080","-0.9470","United Kingdom","GB","GBR","Wokingham","","8136","1826735275"
"Binfield","Binfield","51.4320","-0.7920","United Kingdom","GB","GBR","Bracknell Forest","","8689","1826891094"
"Dunblane","Dunblane","56.1838","-3.9674","United Kingdom","GB","GBR","Stirling","","9410","1826445077"
"Stevenston","Stevenston","55.6450","-4.7580","United Kingdom","GB","GBR","North Ayrshire","","9230","1826555115"
"Sherborne","Sherborne","50.9469","-2.5171","United Kingdom","GB","GBR","Dorset","","9350","1826383149"
"Shaftesbury","Shaftesbury","51.0059","-2.1969","United Kingdom","GB","GBR","Dorset","","7314","1826486861"
"Yaxley","Yaxley","52.5200","-0.2600","United Kingdom","GB","GBR","Cambridgeshire","","9174","1826156250"
"Whitnash","Whitnash","52.2680","-1.5240","United Kingdom","GB","GBR","Warwickshire","","9129","1826439036"
"Ystradgynlais","Ystradgynlais","51.7810","-3.7511","United Kingdom","GB","GBR","Powys","","8092","1826512910"
"Haddington","Haddington","55.9580","-2.7740","United Kingdom","GB","GBR","East Lothian","","9130","1826363081"
"Oakengates","Oakengates","52.6950","-2.4510","United Kingdom","GB","GBR","Telford and Wrekin","","8517","1826612540"
"Annfield Plain","Annfield Plain","54.8570","-1.7370","United Kingdom","GB","GBR","Durham","","7774","1826265966"
"Portlethen","Portlethen","57.0610","-2.1300","United Kingdom","GB","GBR","Aberdeenshire","","9090","1826375407"
"Windermere","Windermere","54.3760","-2.9070","United Kingdom","GB","GBR","Cumbria","","8359","1826181785"
"Lanark","Lanark","55.6749","-3.7770","United Kingdom","GB","GBR","South Lanarkshire","","9050","1826114395"
"Warsash","Warsash","50.8532","-1.3010","United Kingdom","GB","GBR","Hampshire","","7183","1826561282"
"Old Colwyn","Old Colwyn","53.2910","-3.7040","United Kingdom","GB","GBR","Conwy","","8113","1826316600"
"Great Cornard","Great Cornard","52.0245","0.7497","United Kingdom","GB","GBR","Suffolk","","8908","1826607712"
"Stepps","Stepps","55.8908","-4.1522","United Kingdom","GB","GBR","North Lanarkshire","","7450","1826560402"
"Peebles","Peebles","55.6500","-3.1800","United Kingdom","GB","GBR","Scottish Borders, The","","8940","1826563131"
"Skewen","Skewen","51.6609","-3.8399","United Kingdom","GB","GBR","Neath Port Talbot","","8500","1826000012"
"Kilbirnie","Kilbirnie","55.7550","-4.6860","United Kingdom","GB","GBR","North Ayrshire","","7340","1826853483"
"Caister-on-Sea","Caister-on-Sea","52.6510","1.7330","United Kingdom","GB","GBR","Norfolk","","8901","1826817641"
"Upholland","Upholland","53.5410","-2.7280","United Kingdom","GB","GBR","Lancashire","","7376","1826100533"
"Norton Canes","Norton Canes","52.6833","-1.9666","United Kingdom","GB","GBR","Staffordshire","","7479","1826796020"
"Hughenden","Hughenden","51.6558","-0.7490","United Kingdom","GB","GBR","Buckinghamshire","","8362","1826163493"
"Claygate","Claygate","51.3600","-0.3420","United Kingdom","GB","GBR","Surrey","","7168","1826292521"
"Paddock Wood","Paddock Wood","51.1756","0.3955","United Kingdom","GB","GBR","Kent","","8263","1826300495"
"Canford Cliffs","Canford Cliffs","50.7000","-1.9300","United Kingdom","GB","GBR","Bournemouth","","8620","1826721850"
"Kirk of Shotts","Kirk of Shotts","55.8230","-3.8040","United Kingdom","GB","GBR","North Lanarkshire","","8570","1826280322"
"Brecon","Brecon","51.9480","-3.3910","United Kingdom","GB","GBR","Powys","","8250","1826444860"
"Lochgelly","Lochgelly","56.1282","-3.3111","United Kingdom","GB","GBR","Fife","","7320","1826860287"
"Strathaven","Strathaven","55.6770","-4.0650","United Kingdom","GB","GBR","South Lanarkshire","","7350","1826467940"
"Northam","Northam","51.0393","-4.2104","United Kingdom","GB","GBR","Devon","","7489","1826338973"
"Willerby","Willerby","53.7633","-0.4504","United Kingdom","GB","GBR","East Riding of Yorkshire","","7940","1826347968"
"Dalton in Furness","Dalton in Furness","54.1544","-3.1814","United Kingdom","GB","GBR","Cumbria","","7424","1826419499"
"Goffs Oak","Goffs Oak","51.7109","-0.0825","United Kingdom","GB","GBR","Hertfordshire","","8172","1826459935"
"Denny","Denny","56.0180","-3.9070","United Kingdom","GB","GBR","Falkirk","","8300","1826810259"
"Radcliffe on Trent","Radcliffe on Trent","52.9470","-1.0400","United Kingdom","GB","GBR","Nottinghamshire","","8205","1826826336"
"Hawkinge","Hawkinge","51.1170","1.1638","United Kingdom","GB","GBR","Kent","","8002","1826871537"
"Frankley","Frankley","52.4034","-2.0228","United Kingdom","GB","GBR","Worcestershire","","7890","1826354362"
"Thrapston","Thrapston","52.3970","-0.5380","United Kingdom","GB","GBR","Northamptonshire","","6239","1826301791"
"Kelty","Kelty","56.1330","-3.3800","United Kingdom","GB","GBR","Fife","","6730","1826679593"
"West Thurrock","West Thurrock","51.4836","0.2820","United Kingdom","GB","GBR","Thurrock","","7795","1826272551"
"Waltham","Waltham","53.5165","-0.1021","United Kingdom","GB","GBR","North East Lincolnshire","","6413","1826581191"
"Seasalter","Seasalter","51.3456","0.9981","United Kingdom","GB","GBR","Kent","","7967","1826765773"
"Kingsbury","Kingsbury","52.5614","-1.6917","United Kingdom","GB","GBR","Warwickshire","","7652","1826749677"
"Wingerworth","Wingerworth","53.2000","-1.4300","United Kingdom","GB","GBR","Derbyshire","","6533","1826060407"
"Wilmington","Wilmington","51.4309","0.1876","United Kingdom","GB","GBR","Kent","","7178","1826420723"
"Thurso","Thurso","58.5960","-3.5210","United Kingdom","GB","GBR","Highland","","7933","1826252714"
"Bramcote","Bramcote","52.9340","-1.2420","United Kingdom","GB","GBR","Nottinghamshire","","7270","1826659985"
"Banchory","Banchory","57.0550","-2.4900","United Kingdom","GB","GBR","Aberdeenshire","","7560","1826461185"
"Kinmel","Kinmel","53.3100","-3.5190","United Kingdom","GB","GBR","Denbighshire","","7864","1826173712"
"Lossiemouth","Lossiemouth","57.7189","-3.2875","United Kingdom","GB","GBR","Moray","","7870","1826354816"
"Willesborough","Willesborough","51.1386","0.8957","United Kingdom","GB","GBR","Kent","","7800","1826693144"
"Dunoon","Dunoon","55.9509","-4.9262","United Kingdom","GB","GBR","Argyll and Bute","","7830","1826708803"
"Hook","Hook","51.2773","-0.9633","United Kingdom","GB","GBR","Hampshire","","7770","1826584799"
"Watton","Watton","52.5713","0.8259","United Kingdom","GB","GBR","Norfolk","","6819","1826637615"
"Longridge","Longridge","53.8310","-2.5970","United Kingdom","GB","GBR","Lancashire","","7724","1826067023"
"West Mersea","West Mersea","51.7784","0.9168","United Kingdom","GB","GBR","Essex","","7183","1826632085"
"Treharris","Treharris","51.6689","-3.3100","United Kingdom","GB","GBR","Merthyr Tydfil","","6356","1826550011"
"Church Gresley","Church Gresley","52.7600","-1.5660","United Kingdom","GB","GBR","Derbyshire","","6881","1826138074"
"Treherbert","Treherbert","51.6722","-3.5306","United Kingdom","GB","GBR","Rhondda Cynon Taff","","5727","1826603509"
"Boultham","Boultham","53.2140","-0.5561","United Kingdom","GB","GBR","Lincolnshire","","7465","1826621706"
"Wimborne Minster","Wimborne Minster","50.8040","-1.9780","United Kingdom","GB","GBR","Dorset","","6418","1826051938"
"North Berwick","North Berwick","56.0580","-2.7170","United Kingdom","GB","GBR","East Lothian","","6930","1826981985"
"Wardle","Wardle","53.6470","-2.1320","United Kingdom","GB","GBR","Rochdale","","7092","1826170888"
"Drighlington","Drighlington","53.7568","-1.6616","United Kingdom","GB","GBR","Leeds","","5528","1826641578"
"Carlton","Carlton","52.9670","-1.0880","United Kingdom","GB","GBR","Nottinghamshire","","6881","1826277512"
"Countesthorpe","Countesthorpe","52.5550","-1.1400","United Kingdom","GB","GBR","Leicestershire","","6377","1826108290"
"Galleywood","Galleywood","51.6970","0.4740","United Kingdom","GB","GBR","Essex","","5738","1826387868"
"Coxhoe","Coxhoe","54.7140","-1.5030","United Kingdom","GB","GBR","Durham","","7020","1826767688"
"Rhoose","Rhoose","51.3906","-3.3524","United Kingdom","GB","GBR","Vale of Glamorgan, The","","6160","1826678049"
"Stewarton","Stewarton","55.6800","-4.5150","United Kingdom","GB","GBR","East Ayrshire","","7420","1826224149"
"Locharbriggs","Locharbriggs","55.1000","-3.5833","United Kingdom","GB","GBR","Dumfries and Galloway","","5830","1826148491"
"Wick","Wick","58.4540","-3.0890","United Kingdom","GB","GBR","Highland","","7030","1826766399"
"Torrisholme","Torrisholme","54.0660","-2.8300","United Kingdom","GB","GBR","Lancashire","","6755","1826182736"
"Shenstone","Shenstone","52.6370","-1.8410","United Kingdom","GB","GBR","Staffordshire","","7359","1826707052"
"Llandudno Junction","Llandudno Junction","53.2840","-3.8090","United Kingdom","GB","GBR","Conwy","","6722","1826451209"
"Southwell","Southwell","53.0780","-0.9550","United Kingdom","GB","GBR","Nottinghamshire","","7297","1826116893"
"Burntisland","Burntisland","56.0600","-3.2310","United Kingdom","GB","GBR","Fife","","6590","1826811274"
"Calverton","Calverton","53.0370","-1.0830","United Kingdom","GB","GBR","Nottinghamshire","","7076","1826493628"
"Humberston","Humberston","53.5281","-0.0249","United Kingdom","GB","GBR","North East Lincolnshire","","5634","1826603192"
"Crumlin","Crumlin","51.6798","-3.1368","United Kingdom","GB","GBR","Caerphilly","","5947","1826791090"
"Herne","Herne","51.3492","1.1331","United Kingdom","GB","GBR","Kent","","7325","1826808602"
"Abersychan","Abersychan","51.7239","-3.0587","United Kingdom","GB","GBR","Torfaen","","7064","1826701602"
"Nailsworth","Nailsworth","51.6954","-2.2234","United Kingdom","GB","GBR","Gloucestershire","","5794","1826978348"
"Sturry","Sturry","51.3036","1.1211","United Kingdom","GB","GBR","Kent","","6820","1826679931"
"Farnham Royal","Farnham Royal","51.5386","-0.6164","United Kingdom","GB","GBR","Buckinghamshire","","5972","1826545852"
"Muxton","Muxton","52.7200","-2.4210","United Kingdom","GB","GBR","Telford and Wrekin","","6557","1826374919"
"Ash Vale","Ash Vale","51.2700","-0.7200","United Kingdom","GB","GBR","Surrey","","5686","1826023346"
"Gorebridge","Gorebridge","55.8436","-3.0500","United Kingdom","GB","GBR","Midlothian","","7160","1826664295"
"Pinhoe","Pinhoe","50.7407","-3.4672","United Kingdom","GB","GBR","Devon","","6454","1826753176"
"Houston","Houston","55.8670","-4.5521","United Kingdom","GB","GBR","Renfrewshire","","6430","1826214371"
"Bollington","Bollington","53.2980","-2.0930","United Kingdom","GB","GBR","Cheshire East","","7095","1826739593"
"Marshfield","Marshfield","51.5439","-3.0469","United Kingdom","GB","GBR","Newport","","6270","1826384578"
"Gunton","Gunton","52.5000","1.7480","United Kingdom","GB","GBR","Suffolk","","6640","1826249123"
"Blythebridge","Blythebridge","52.9704","-2.0709","United Kingdom","GB","GBR","Staffordshire","","5931","1826518590"
"Deeping Saint James","Deeping Saint James","52.6717","-0.2995","United Kingdom","GB","GBR","Lincolnshire","","6923","1826146057"
"Bonnybridge","Bonnybridge","55.9990","-3.8870","United Kingdom","GB","GBR","Falkirk","","5210","1826660559"
"Newbridge","Newbridge","51.6700","-3.1360","United Kingdom","GB","GBR","Caerphilly","","6509","1826628425"
"Ammanford","Ammanford","51.8000","-3.9930","United Kingdom","GB","GBR","Carmarthenshire","","5411","1826559160"
"Loanhead","Loanhead","55.8780","-3.1480","United Kingdom","GB","GBR","Midlothian","","6440","1826339213"
"Stainforth","Stainforth","53.5958","-1.0253","United Kingdom","GB","GBR","Doncaster","","6282","1826296892"
"Oakley","Oakley","51.2510","-1.1764","United Kingdom","GB","GBR","Hampshire","","5086","1826547704"
"Weaverham","Weaverham","53.2620","-2.5770","United Kingdom","GB","GBR","Cheshire West and Chester","","6391","1826056264"
"Great Wakering","Great Wakering","51.5516","0.8165","United Kingdom","GB","GBR","Southend-on-Sea","","5587","1826267348"
"Newton Grange","Newton Grange","55.8680","-3.0670","United Kingdom","GB","GBR","Midlothian","","5341","1826418567"
"Kelso","Kelso","55.5985","-2.4336","United Kingdom","GB","GBR","Scottish Borders, The","","6910","1826201607"
"Billinge","Billinge","53.4932","-2.7129","United Kingdom","GB","GBR","St. Helens","","6554","1826747483"
"Branston","Branston","52.7870","-1.6590","United Kingdom","GB","GBR","Staffordshire","","6749","1826771802"
"Griffithstown","Griffithstown","51.6853","-3.0284","United Kingdom","GB","GBR","Torfaen","","5450","1826252067"
"Battle","Battle","50.9200","0.4800","United Kingdom","GB","GBR","East Sussex","","6673","1826227818"
"Fishtoft","Fishtoft","52.9617","0.0259","United Kingdom","GB","GBR","Lincolnshire","","6835","1826328454"
"Holmes Chapel","Holmes Chapel","53.2040","-2.3530","United Kingdom","GB","GBR","Cheshire East","","5605","1826901176"
"Alexandria","Alexandria","55.9800","-4.5800","United Kingdom","GB","GBR","West Dunbartonshire","","6860","1826818723"
"Great Chart","Great Chart","51.1409","0.8372","United Kingdom","GB","GBR","Kent","","6801","1826348969"
"Askern","Askern","53.6167","-1.1500","United Kingdom","GB","GBR","Doncaster","","5570","1826141992"
"Landore","Landore","51.6400","-3.9400","United Kingdom","GB","GBR","Swansea","","6168","1826893250"
"Welshpool","Welshpool","52.6597","-3.1473","United Kingdom","GB","GBR","Powys","","6664","1826815718"
"Bannockburn","Bannockburn","56.0900","-3.9100","United Kingdom","GB","GBR","Stirling","","6840","1826144957"
"Sandycroft","Sandycroft","53.1950","-2.9990","United Kingdom","GB","GBR","Flintshire","","6724","1826333446"
"Ballingry","Ballingry","56.1500","-3.3333","United Kingdom","GB","GBR","Fife","","5740","1826762303"
"Chapelhall","Chapelhall","55.8450","-3.9472","United Kingdom","GB","GBR","North Lanarkshire","","6690","1826347870"
"Twyford","Twyford","51.4770","-0.8670","United Kingdom","GB","GBR","Wokingham","","6618","1826295661"
"South Molton","South Molton","51.0200","-3.8300","United Kingdom","GB","GBR","Devon","","5108","1826908469"
"Sawley","Sawley","52.8820","-1.2990","United Kingdom","GB","GBR","Leicestershire","","6629","1826583246"
"Illogan","Illogan","50.2500","-5.2680","United Kingdom","GB","GBR","Cornwall","","5404","1826961434"
"Looe","Looe","50.3540","-4.4540","United Kingdom","GB","GBR","Cornwall","","5280","1826444022"
"Wirksworth","Wirksworth","53.0820","-1.5740","United Kingdom","GB","GBR","Derbyshire","","5038","1826425467"
"Cwmafan","Cwmafan","51.6155","-3.7717","United Kingdom","GB","GBR","Neath Port Talbot","","6538","1826757663"
"Skelton","Skelton","54.5619","-0.9874","United Kingdom","GB","GBR","Redcar and Cleveland","","6535","1826892783"
"Stansted Mountfitchet","Stansted Mountfitchet","51.8980","0.1980","United Kingdom","GB","GBR","Essex","","6011","1826626668"
"Wheathampstead","Wheathampstead","51.8120","-0.2930","United Kingdom","GB","GBR","Hertfordshire","","6410","1826432060"
"Danbury","Danbury","51.7150","0.5820","United Kingdom","GB","GBR","Essex","","6500","1826143972"
"Kirriemuir","Kirriemuir","56.6692","-3.0051","United Kingdom","GB","GBR","Angus","","6120","1826096014"
"East Leake","East Leake","52.8320","-1.1770","United Kingdom","GB","GBR","Nottinghamshire","","6337","1826041730"
"Treforest","Treforest","51.5878","-3.3222","United Kingdom","GB","GBR","Rhondda Cynon Taff","","5050","1826993599"
"Haworth","Haworth","53.8300","-1.9600","United Kingdom","GB","GBR","Bradford","","6379","1826616247"
"Pagham","Pagham","50.7708","-0.7448","United Kingdom","GB","GBR","West Sussex","","5941","1826570427"
"Blaby","Blaby","52.5724","-1.1678","United Kingdom","GB","GBR","Leicestershire","","6194","1826055735"
"Bursledon","Bursledon","50.8847","-1.3117","United Kingdom","GB","GBR","Hampshire","","6188","1826768153"
"Calstock","Calstock","50.4970","-4.2100","United Kingdom","GB","GBR","Devon","","6253","1826405766"
"Abercarn","Abercarn","51.6490","-3.1350","United Kingdom","GB","GBR","Caerphilly","","5352","1826505762"
"Drayton","Drayton","52.6750","1.2250","United Kingdom","GB","GBR","Norfolk","","5489","1826056613"
"Sidley","Sidley","50.8600","0.4700","United Kingdom","GB","GBR","East Sussex","","5718","1826517116"
"Girvan","Girvan","55.2382","-4.8561","United Kingdom","GB","GBR","South Ayrshire","","6450","1826366203"
"Headley","Headley","51.1192","-0.8271","United Kingdom","GB","GBR","Hampshire","","5613","1826491547"
"Liss","Liss","51.0429","-0.8918","United Kingdom","GB","GBR","Hampshire","","6084","1826487395"
"Newarthill","Newarthill","55.8100","-3.9333","United Kingdom","GB","GBR","North Lanarkshire","","6360","1826949566"
"Buntingford","Buntingford","51.9445","-0.0160","United Kingdom","GB","GBR","Hertfordshire","","5378","1826070355"
"Stonewood","Stonewood","51.4450","0.2560","United Kingdom","GB","GBR","Kent","","6100","1826698037"
"Pinxton","Pinxton","53.0910","-1.3200","United Kingdom","GB","GBR","Derbyshire","","5699","1826634910"
"Glyncorrwg","Glyncorrwg","51.6790","-3.6280","United Kingdom","GB","GBR","Neath Port Talbot","","5283","1826106322"
"Cuddington","Cuddington","53.2400","-2.6000","United Kingdom","GB","GBR","Cheshire West and Chester","","5333","1826034617"
"Rowlands Gill","Rowlands Gill","54.9209","-1.7441","United Kingdom","GB","GBR","Gateshead","","6096","1826569273"
"Orsett","Orsett","51.5100","0.3700","United Kingdom","GB","GBR","Thurrock","","6115","1826904946"
"Broughton","Broughton","53.1690","-2.9850","United Kingdom","GB","GBR","Flintshire","","5974","1826313937"
"Dingwall","Dingwall","57.5970","-4.4280","United Kingdom","GB","GBR","Highland","","5470","1826526673"
"Swanwick","Swanwick","53.0750","-1.3980","United Kingdom","GB","GBR","Derbyshire","","5185","1826296193"
"Colney Heath","Colney Heath","51.7353","-0.2564","United Kingdom","GB","GBR","Hertfordshire","","5962","1826459899"
"Beith","Beith","55.7533","-4.6319","United Kingdom","GB","GBR","North Ayrshire","","6040","1826483582"
"Great Warley Street","Great Warley Street","51.6070","0.3000","United Kingdom","GB","GBR","Essex","","5973","1826579485"
"Stoke Mandeville","Stoke Mandeville","51.7861","-0.7914","United Kingdom","GB","GBR","Buckinghamshire","","5825","1826260717"
"Blean","Blean","51.3070","1.0430","United Kingdom","GB","GBR","Kent","","5589","1826355765"
"Bramley","Bramley","51.3290","-1.0613","United Kingdom","GB","GBR","Hampshire","","5875","1826671131"
"Axminster","Axminster","50.7810","-3.0000","United Kingdom","GB","GBR","Devon","","5761","1826766054"
"East Preston","East Preston","50.8104","-0.4819","United Kingdom","GB","GBR","West Sussex","","5938","1826135129"
"Botley","Botley","50.9144","-1.2700","United Kingdom","GB","GBR","Hampshire","","5100","1826553905"
"Alness","Alness","57.6950","-4.2580","United Kingdom","GB","GBR","Highland","","5800","1826138078"
"Cumnor","Cumnor","51.7350","-1.3320","United Kingdom","GB","GBR","Oxfordshire","","5755","1826660768"
"Balerno","Balerno","55.8852","-3.3375","United Kingdom","GB","GBR","Edinburgh, City of","","5486","1826189671"
"Markfield","Markfield","52.6878","-1.2775","United Kingdom","GB","GBR","Leicestershire","","5681","1826251524"
"Martlesham","Martlesham","52.0733","1.2818","United Kingdom","GB","GBR","Suffolk","","5478","1826066956"
"Bagshot","Bagshot","51.3607","-0.6982","United Kingdom","GB","GBR","Surrey","","5592","1826197366"
"Cockenzie","Cockenzie","55.9690","-2.9620","United Kingdom","GB","GBR","East Lothian","","5470","1826104215"
"Wyke Regis","Wyke Regis","50.5920","-2.4750","United Kingdom","GB","GBR","Dorset","","5458","1826158829"
"Hartford","Hartford","53.2450","-2.5490","United Kingdom","GB","GBR","Cheshire West and Chester","","5515","1826526517"
"Selkirk","Selkirk","55.5500","-2.8400","United Kingdom","GB","GBR","Scottish Borders, The","","5580","1826863244"
"Tidenham","Tidenham","51.6605","-2.6435","United Kingdom","GB","GBR","Gloucestershire","","5486","1826735722"
"Ore","Ore","50.8721","0.6085","United Kingdom","GB","GBR","East Sussex","","5195","1826248211"
"Newmains","Newmains","55.7830","-3.8790","United Kingdom","GB","GBR","North Lanarkshire","","5480","1826903762"
"Wool","Wool","50.6789","-2.2189","United Kingdom","GB","GBR","Dorset","","5310","1826429345"
"Stonehouse","Stonehouse","55.6968","-3.9824","United Kingdom","GB","GBR","South Lanarkshire","","5500","1826070141"
"Hartley","Hartley","51.3868","0.3037","United Kingdom","GB","GBR","Kent","","5359","1826311133"
"Neilston","Neilston","55.7847","-4.4234","United Kingdom","GB","GBR","East Renfrewshire","","5170","1826325436"
"Nursling","Nursling","50.9449","-1.4727","United Kingdom","GB","GBR","Hampshire","","5137","1826012560"
"Kings Langley","Kings Langley","51.7156","-0.4569","United Kingdom","GB","GBR","Hertfordshire","","5214","1826435089"
"Bilton","Bilton","54.0099","-1.5359","United Kingdom","GB","GBR","North Yorkshire","","5409","1826540848"
"Cardenden","Cardenden","56.1330","-3.2500","United Kingdom","GB","GBR","Fife","","5420","1826000129"
"Polmont","Polmont","55.9908","-3.7064","United Kingdom","GB","GBR","Falkirk","","5320","1826903991"
"Dalry","Dalry","55.7110","-4.7230","United Kingdom","GB","GBR","North Ayrshire","","5360","1826866609"
"Roundway","Roundway","51.3680","-1.9810","United Kingdom","GB","GBR","Wiltshire","","5290","1826671490"
"Holytown","Holytown","55.8229","-3.9701","United Kingdom","GB","GBR","North Lanarkshire","","5160","1826528147"
"Pinchbeck","Pinchbeck","52.8147","-0.1605","United Kingdom","GB","GBR","Lincolnshire","","5153","1826280450"
"East Calder","East Calder","55.8960","-3.4620","United Kingdom","GB","GBR","West Lothian","","5260","1826487904"
"Edwinstowe","Edwinstowe","53.1600","-1.0700","United Kingdom","GB","GBR","Nottinghamshire","","5188","1826878671"
"Stornoway","Stornoway","58.2090","-6.3870","United Kingdom","GB","GBR","Eilean Siar","","5070","1826708788"
"Auchterarder","Auchterarder","56.2932","-3.7061","United Kingdom","GB","GBR","Perth and Kinross","","5120","1826898389"
"Gresford","Gresford","53.0870","-2.9660","United Kingdom","GB","GBR","Wrexham","","5010","1826005729"
"Llangefni","Llangefni","53.2560","-4.3140","United Kingdom","GB","GBR","Isle of Anglesey","","5116","1826557923"
"Hunters Quay","Hunters Quay","55.9707","-4.9116","United Kingdom","GB","GBR","Argyll and Bute","","5198","1826631598"
"Middleton-on-Sea","Middleton-on-Sea","50.7949","-0.6197","United Kingdom","GB","GBR","West Sussex","","5077","1826296040"
"Basing","Basing","51.2704","-1.0473","United Kingdom","GB","GBR","Hampshire","","7232","1826187889"
"Garswood","Garswood","53.4880","-2.6700","United Kingdom","GB","GBR","St. Helens","","6183","1826807848"
"Lea Town","Lea Town","53.7740","-2.7950","United Kingdom","GB","GBR","Lancashire","","5962","1826551027"
"Sollom","Sollom","53.6620","-2.8250","United Kingdom","GB","GBR","Lancashire","","5350","1826569253"
